X_norm,Y_norm,Z_norm
0.4322824227951854,0.8588852863980236,0.3856000292162735
0.3741327567846655,0.8722016365601358,0.4030567526112045
0.3452031365968569,0.9066697545159795,0.35128916806661314
0.3035915970182968,0.9593368843600433,0.3582828135271347
0.25988253896543934,0.9091786320827543,0.34371119713680526
0.2845041789021911,0.8629573876794813,0.3909685194653422
0.2825196037303559,0.9153350316504555,0.4395953546125192
0.22438607247733067,0.9320480160568164,0.4238733474545322
0.20952596082480882,0.860197622356029,0.4265210722372362
0.23711639614056604,0.8501428130307241,0.4874004820685122
0.2097357126722385,0.9087733518604292,0.5160506902344607
0.15500661525057277,0.8897058823529411,0.49132641881528016
0.16000839007389717,0.8208275436158714,0.5147176977576511
0.18316176707864082,0.8386212752817661,0.5772770433131255
0.14209880925489687,0.8929867222479543,0.5818603462128407
0.09676014069508534,0.8429249652616951,0.5751953838287927
0.1242699022233696,0.8017793731665894,0.6247169673508145
0.11646067959598567,0.8602362204724409,0.6644145789204587
0.10629578237439087,0.8445846842674076,0.7311372434445986
0.1120236212849721,0.7715570480160567,0.7214593528595428
0.17259350091968115,0.7793731665894704,0.7103571689431014
0.18851850656684632,0.7527597653234521,0.7732634577459646
0.15047274839459163,0.6950555812876331,0.7676575852749982
0.1731259479170028,0.6800795121198084,0.7040391498064422
0.2310819968375875,0.6858692295815965,0.7261887371265795
0.21911000677659817,0.6355372857804539,0.776495507997955
0.1912452805834328,0.5913810406052185,0.7297859907968739
0.23979476588466872,0.5964180947969738,0.6870937111971369
0.27801800638936397,0.5767330554268951,0.7395369220655906
0.24039175191196877,0.5198780299521383,0.7549485063180192
0.23976249636967956,0.5003473830477072,0.6879336790592361
0.3009616315466778,0.5034352323606608,0.687458914615441
0.30849656329665365,0.463235294117647,0.7455079979548609
0.2722256284488044,0.40929442643199004,0.7222993207216419
0.2915389331698344,0.40962251042149145,0.6562522825213645
0.351415018232276,0.4187509649529103,0.6676283690015339
0.3638549162606086,0.38906901343214445,0.7299320721641955
0.4232630933557069,0.4076154083680716,0.7297129501132131
0.4054664558391688,0.4783464566929133,0.7390986779636258
0.38725031462777115,0.4590666975451598,0.8032649185596377
0.4468682435702991,0.4545700169831712,0.8217259513549048
0.4476265771725451,0.5280608306314651,0.829796946899423
0.4023524476427119,0.5264011116257526,0.8773281717916879
0.4155022750008068,0.4782499614018835,0.9281279672777738
0.39568879279744423,0.5273081673614327,0.9748374844788548
0.33958824098873797,0.5283117183881426,0.9460229347746695
0.29002226596534253,0.48730121970047857,0.9531626616025126
0.278614992416664,0.47869383974062063,0.8847418011832591
0.22364387363257932,0.44636791724563835,0.8902746329705646
0.17672399883829745,0.47240234676547777,0.8541925352421299
0.15457097679821874,0.5331750810560444,0.8844861587904463
0.20618606602342765,0.5469739076733054,0.9197830691695275
0.20834812352770338,0.6157943492357573,0.9440508363158281
0.26901481170738006,0.6164119190983479,0.9339529617997226
0.2612539933524799,0.6023043075497916,0.8661346870206704
0.21557649488528188,0.6520379805465494,0.863614783434373
0.25049211010358513,0.7035857650146673,0.8938353662990287
0.2974765239278453,0.6876447429365447,0.8513987290921045
0.2583658717609474,0.6880886212752817,0.797604265575926
0.2400206524895931,0.7560985023930832,0.8141297202541815
0.29883184355739134,0.7797784468117955,0.8156270542692281
0.31096518119332667,0.7495561216612628,0.7536885545248704
0.2602213688728258,0.7788327929597034,0.7260609159301732
0.2715479686340314,0.8452794503628223,0.7535059528157184
0.3284713930749621,0.8426161803303999,0.7262617778102404
0.3033334408983833,0.8261926817971283,0.6643780585786283
0.26480364000129075,0.8828547166898254,0.6717369074574538
0.31314337345509696,0.9261811023622046,0.6845738076108393
0.34220207170286226,0.8998185888528639,0.6284968227302609
0.2928619832843912,0.912671761618033,0.587849682273026
0.2900384007228371,0.9810676238999535,0.6135052224088817
0.3494304430604408,0.9914312181565539,0.5978379957636404
0.3502210461776759,0.951308476146364,0.5396610912278139
0.3904127270967117,0.9980700941794038,0.5087648820392959
0.4265223143696151,1.0,0.5655357534146521
0.42457000871276906,0.9326655859194071,0.5910452121831861
0.4827358094807835,0.9226107765941021,0.6117157256591922
0.480009035464197,0.9762042612320518,0.6591739098677964
0.4230049372357933,0.9596842674077505,0.6807756920604778
0.44030139726999906,0.8904392465647675,0.692772624351764
0.49754751686082155,0.9053574185579744,0.7144109268862757
0.48883474781374037,0.8870426123205186,0.7805310057702141
0.46253509309755075,0.8237995985795893,0.7608100211817983
0.5092936203168866,0.8107534352323605,0.7168577897889126
0.5481945206363548,0.8198432916473675,0.770104448177635
0.5151344025299299,0.7761502238690752,0.8116463370097144
0.5101648972215947,0.7212251042149141,0.767274121685779
0.5687502016844687,0.726570943337965,0.7462566649623842
0.5960340766078286,0.730430754979157,0.80804908333942
0.5586659782503469,0.7034313725490196,0.8570411219049011
0.5152796153473813,0.6585996603365755,0.8315864436491126
0.5510019684404143,0.6357109773043075,0.7800014608136733
0.507050889025138,0.6014744480469352,0.7444671682126945
0.5309141953596438,0.5664659564613247,0.6900701190563145
0.5170867081867759,0.605411455920951,0.6331349061427216
0.48920584723611604,0.5468967114404816,0.6036264699437588
0.44201168156442605,0.5528601204261232,0.6479621649258638
0.424812030075188,0.6189014976069168,0.624406544445256
0.40449837038949304,0.5886212752817662,0.5651340296545175
0.3707928619832844,0.5410297977458699,0.6027865020816596
0.3430410790925812,0.5928284699706653,0.640676356730699
0.3351511826777243,0.634533734753744,0.582992476809583
0.3067378747297428,0.578199783850548,0.5511284785625594
0.27145116008906384,0.5678361895939478,0.606949821050325
0.2580431766110555,0.6397444804693531,0.6088671389964211
0.24297331311110396,0.6347074262775976,0.5416514498575707
0.2070412081706412,0.5765207657866296,0.5542327076181435
0.18022524121462452,0.6095221553188204,0.6081549923307282
0.16867275484849464,0.6690404508259997,0.5687860638375576
0.1459227467811159,0.6265825227728886,0.5173106420276093
0.10845783987866658,0.5925003859811641,0.5623767438463225
0.08725676853076894,0.6574031187278061,0.5852384778321525
0.08541740617638517,0.6971977767484946,0.5261850850923966
0.04903352802607373,0.6647753589624825,0.47929296618216355
0.041498596276097956,0.7258761772425504,0.44202395734424077
0.09677627545257997,0.7570248571869692,0.4483602366518151
0.13491884216980216,0.699841747722711,0.44087356657658316
0.13696795637161574,0.7030646904431064,0.37108319333868967
0.18611442770015166,0.6765091863517061,0.33675407201811414
0.21018748588208722,0.7440365910143584,0.3328463954422614
0.20155539062247896,0.7579512119808554,0.40015338543568774
0.2249669237471361,0.6918905357418558,0.41693448250675624
0.27495240246539093,0.7078315578199783,0.38012197794171354
0.28161605731065864,0.7741817199320672,0.40869914542400115
0.2734680047758882,0.7471823375019299,0.47284712584909805
0.3155151828068024,0.6945538057742782,0.461051055437879
0.3557391332408274,0.7451559363903041,0.4401979402527208
0.34289586627512986,0.7875173691523852,0.4949236724855745
0.35172157862467324,0.7339238845144356,0.5417244905412315
0.40383684533221464,0.7140458545622972,0.5100796143451903
0.4227629158733744,0.7845453141886676,0.5133847052808415
0.4076769176159282,0.7884823220626832,0.5810021181798262
0.43702604149859625,0.7242550563532499,0.5902782850047477
0.48702765497434575,0.7499807009417939,0.5577204002629464
0.4878666623640647,0.8105797437085069,0.5976919143963187
0.48150956791119426,0.7693955534969893,0.6549740705573005
0.5301235922424086,0.7276709896557048,0.6388868599810095
0.564555164735874,0.7831943801142502,0.6131765393324081
0.6007292910387556,0.7907210128145745,0.6691987437002411
0.6107005711704153,0.7194688899181719,0.6816339200934921
0.6684145987285811,0.7226532345221552,0.6594660726024396
0.3107392945884023,0.17386521537748958,0.621831860346213
0.2518796992481203,0.19237301219700476,0.6214483967569937
0.22151408564329275,0.17178091709124593,0.6784931706960778
0.16513924295717833,0.14207966651227416,0.6718647286538604
0.139146148633386,0.20563146518449898,0.6909283470893288
0.17440059375907582,0.23610467809170907,0.6405667957052078
0.15937913453160799,0.18747105141269102,0.591483456285151
0.09953531898415567,0.19652230971128604,0.6066028778029363
0.10523088837974769,0.26964644125366677,0.606201154042802
0.13206299009325886,0.2667322834645669,0.5432218245562779
0.08941882603504465,0.22172687972826924,0.5170367394638814
0.041853560940979015,0.2587038752508877,0.5438426703673948
0.05945658136758202,0.3235680098811177,0.5179314878387262
0.07465552292749038,0.2929983016828778,0.4565407932218246
0.016344509342024617,0.26885517986722246,0.4483602366518151
0.0,0.3403388914620966,0.44125703016580237
0.04477395204750076,0.35975374401729193,0.3970308962091886
0.029784762335022107,0.36884360043229886,0.3305456139069462
0.08433637742424732,0.3443530955689362,0.3077569206047769
0.07914098551098774,0.37499999999999994,0.2452888759038785
0.06641066184775242,0.44181333950903195,0.27132787962895333
0.10673142082674494,0.4394588544079049,0.32373457015557666
0.1512794862693214,0.4142542843909217,0.28089620918851804
0.1417922488624996,0.47058823529411764,0.237108319333869
0.14280873858465906,0.5183727034120734,0.29019063618435476
0.19331052954274094,0.4910066388760228,0.31946169016141995
0.22507986704959823,0.48712752817662497,0.2604265575925791
0.20755752041046824,0.5554268951675158,0.2415455408662625
0.2232405046952144,0.5816157171530029,0.3043057483018041
0.2778243892994288,0.5478616643507797,0.3006537141187642
0.28857013779082896,0.5837579126138643,0.24112555693521293
0.2696279324921746,0.6485834491276825,0.2684427726243518
0.29699248120300753,0.6439323761000463,0.3310386385216566
0.3503985285101165,0.6137679481241315,0.30894383171426487
0.35249604698441384,0.6375443878338736,0.24256811043751372
0.4067249669237471,0.606357109773043,0.2278504126798627
0.3735680402723547,0.5432877875559673,0.22792345336352351
0.3506082803575462,0.5668712366836498,0.16616755532831792
0.4039175191196876,0.542438628994905,0.13830253451172306
0.3770854174061764,0.47500771962328237,0.13154627127309915
0.32769692471522155,0.5015632237146826,0.09869622379665477
0.35020491142018134,0.5389262004014204,0.0441348331020378
0.30898060602149147,0.5107881735371314,0.0
0.2594307657555907,0.5242203180484792,0.040373237893506726
0.24447384555810128,0.5899336112397714,0.014188152801110238
0.23329245861434703,0.6514204106839585,0.04849901395077063
0.25815611991351767,0.6542187741238228,0.111697465488277
0.2657233211784827,0.7273236066079974,0.11056533489153458
0.23169511762238212,0.7461980855334259,0.1666423197721131
0.2048468811513763,0.7109773043075497,0.220016799357242
0.14979508857981863,0.7111316967731974,0.1891388503396392
0.1743844590015812,0.6852902578354176,0.13019501862537433
0.2032495401594114,0.6314265863825844,0.1646519611423563
0.1537319694084998,0.6136135556584839,0.202286173398583
0.11568621123624509,0.6122626215840667,0.1477247827039661
0.15511955855303497,0.5778909989192527,0.1044846979767731
0.12809383974958857,0.5168866759302145,0.08074647578701338
0.18187098647907324,0.48068164273583447,0.07561536775984228
0.19619865113427346,0.498070094179404,0.14120590168723982
0.14095324147278068,0.47533580361278366,0.16169381345409395
0.146035690083578,0.41274895785085686,0.12504565042728805
0.202071702862306,0.39692373012197,0.14896647432619972
0.18453322146568138,0.41369461170294886,0.21338835731502448
0.1394204395107942,0.3639802377643971,0.20738076108392375
0.17954758139985155,0.3127605372857804,0.18669198743700244
0.22106231243344412,0.32735062528948583,0.2350449200204514
0.18170963890412728,0.32810328855951826,0.28794463516178515
0.15344154377359712,0.26910606762389994,0.2614126068219999
0.20604085320597632,0.23077813802686425,0.269191439631875
0.21301106844364132,0.2601513046163347,0.3324081513402966
0.1555229274903998,0.2394048170449282,0.3489336060185524
0.16676885346413248,0.1715686274509804,0.32651011613468706
0.21606053761011976,0.16975451597962019,0.3683806880432401
0.17977346800477587,0.18347614636405737,0.4236542254035498
0.15852399238439444,0.11399953682260305,0.41978306916952746
0.2166736583949143,0.08995291029797742,0.42958878095098973
0.23852012004259576,0.13096340898564146,0.48234241472500183
0.27301623156603955,0.07630847614636399,0.5076510116134688
0.30099390106166707,0.06669754515979619,0.4452194872544007
0.30851269805414827,0.1327196232823838,0.4165144985757067
0.36521023589015456,0.11583294735216919,0.3937075451026222
0.3437510084223434,0.05861123977149913,0.3572237236140531
0.2934428345541966,0.09404431063764083,0.33660799065079255
0.3244861079737972,0.15074494364675003,0.3089620918851801
0.37490722514440605,0.11525397560599038,0.2863377401212476
0.3588692761947788,0.11716458236838037,0.21892118910233002
0.3444770725096002,0.1883974062065771,0.22098458841574758
0.3961728355222821,0.20258221398795734,0.25721276751150396
0.43047532995579074,0.1737880191446657,0.2068329559564678
0.39799606311917135,0.21122819206422722,0.15955737345701557
0.40567620768659846,0.2752238690751891,0.1922978599079688
0.4656975055664913,0.2628145746487571,0.1982689357972391
0.4814934331536997,0.23230276362513505,0.13737126579504785
0.44226983768433964,0.2628145746487571,0.09356511576948359
0.41882603504469323,0.3236452061139416,0.12172229932072166
0.46936009551776436,0.34620580515670835,0.15561317653933246
0.43571912614153413,0.37362976686737687,0.20809290774961656
0.4658749878989319,0.3935656939941331,0.26511942151778545
0.43804253122075576,0.3589624826308476,0.3185669417865752
0.43620316886637195,0.4228037671761618,0.3546307793440947
0.3872019103552874,0.4376061448201327,0.31266890658096563
0.3564651973280841,0.3818897637795275,0.343053830983858
0.36650101648972216,0.41307704184035815,0.40528449346285883
0.34760721546355156,0.4791377180793577,0.38251406033160473
0.29663751653812637,0.4480276362513509,0.3552333649842963
0.2860369808641776,0.4146402655550409,0.4164414578920459
0.2875859175836587,0.4790219237301219,0.45095318092177344
0.25073413146600404,0.5122742010189902,0.40428018406252286
0.21163961405660073,0.45516828778755597,0.4072383317507852
0.20968730839975472,0.4618457619268179,0.4775765101161347
0.19802187873116267,0.5335224641037517,0.46952377474253165
0.15323179192616734,0.5191639647985178,0.42303337959243303
0.12654490303010746,0.4701057588389686,0.4655430574830181
0.12969118074155345,0.5190481704492821,0.5171097801475423
0.1056019878021233,0.5719661880500232,0.47668176174128996
0.06123140469198745,0.528620503319438,0.4511540428018407
0.044870760592468334,0.49368920796665117,0.5095135490468191
0.05430959372680628,0.5468967114404816,0.5567343510335256
0.04751686082158185,0.5284468117955843,0.6236030969249873
0.04028848946400335,0.456075343523236,0.6093601636111314
0.09956758849914485,0.45366296124749106,0.5895843985099701
0.11707380038078027,0.4537980546549328,0.656215762179534
0.1747878279389461,0.45194534506716066,0.6809400335987146
0.17299686985704607,0.3785703257681025,0.6879519392301512
0.14848817322275645,0.3690365910143585,0.6245708859834929
0.19250379166801124,0.4117840049405589,0.5979292966182164
0.23574494175352545,0.37266481395707884,0.6311810678547952
0.21385007583336024,0.3106955380577427,0.6025673800306772
0.21485043079802507,0.3424617878647521,0.5390402454166972
0.2721126851463423,0.3673575729504399,0.5494850631801914
0.2906031172351479,0.2982090473984869,0.5603133445329049
0.26183484462228535,0.2773081673614327,0.5017164560660288
0.28460098744715867,0.33105604446503,0.4611606164633702
0.34112104295072443,0.31843446039833256,0.48692571762471704
0.3340056148956081,0.2458700015439246,0.4759696150755972
0.3142728064797186,0.25467037208584214,0.4106164633700972
0.3599987092194004,0.3016635788173537,0.3950405375794318
0.4012391493755849,0.25521074571560903,0.4225586151486378
0.3767304527412953,0.19864520611394162,0.3867869403257615
0.378731162670625,0.2365292573722402,0.327240522971295
0.43709058052857463,0.2555388297051103,0.3399861222701045
0.4547420052276614,0.18762544387833868,0.3576984880578482
0.4717480396269644,0.16215068704647215,0.2955408662625083
0.5042434412210784,0.22147599197159176,0.2779015411584253
0.5631837103488334,0.20839123050795116,0.26239865605142065
0.6590080351092323,0.8272155318820441,0.545248703527865
0.7180128432669658,0.8178940867685656,0.5294536556862173
0.7517022169156797,0.8509147753589623,0.5776605069023446
0.8031559585659427,0.885479388605836,0.5592177342779929
0.8341024234405756,0.828682260305697,0.5869731940690965
0.8010423053341508,0.7817469507488034,0.5486633554890075
0.8152408919293943,0.8195731048324841,0.49163684172083855
0.8747620123269547,0.8193029180176008,0.5086370608428895
0.8728581109425925,0.7463524779990737,0.5201774888612958
0.8441543773597083,0.7325343523236066,0.45940764005551094
0.882038787957017,0.7750308784931295,0.42179168797019945
0.9309109684081448,0.7408136482939631,0.4487984807537799
0.9099519184226661,0.6723212907210127,0.4417865751223432
0.8851205266384845,0.681295352786784,0.3780037981155504
0.9351060053567395,0.7190250115794349,0.3583193338689651
0.9665526477137049,0.6568820441562451,0.3714849170988241
0.9300235567459421,0.619229581596418,0.3284822145935286
0.9513698409112911,0.6629033503165045,0.27875976919143963
0.9605182484107263,0.6266597190057124,0.21952377474253162
0.9332827777598504,0.5649799289794657,0.24291505368490252
0.8763593533189196,0.5944688899181719,0.24558103863852168
0.8603214043692923,0.5571445113478461,0.187477174786356
0.880086482300171,0.49351551644279756,0.2139909429552261
0.8554325728484301,0.5055002315886984,0.27682419107442846
0.801590887088967,0.5258800370541917,0.24989043897450883
0.7996224466746265,0.4636405743399722,0.2127492513329925
0.8146600406595889,0.4220704029643353,0.2681688700606238
0.7709832521217206,0.45489810097267247,0.30647870864071286
0.7290812869082577,0.43897637795275585,0.2572858081951647
0.7472167543321824,0.3683804230353559,0.2534511723029728
0.7457646261576689,0.3658136482939632,0.3228580819516471
0.688050598599503,0.3917322834645669,0.32095902417646627
0.668220981638646,0.34583912305079506,0.2712183186034621
0.6907451031011004,0.28730507951211975,0.30405010590899134
0.6742069766691406,0.30616025937934227,0.3684719888978161
0.6196230920649263,0.33537903350316506,0.3519647943904755
0.5995675884991448,0.3018758684576192,0.2941530932729531
0.5471457613992062,0.3397792187741238,0.2914505879775035
0.5814482558327148,0.397406206577119,0.27059747279234536
0.592032656749169,0.36013972518141113,0.2117266817617413
0.5330439833489302,0.3744403273120272,0.19454386093053833
0.5519539191325955,0.44229581596418094,0.17440289241107296
0.5955500338829908,0.4149104523699243,0.13183843400774237
0.5694762657717255,0.3620310328855952,0.09327295303484043
0.5936461324986285,0.39530260923266936,0.037506391059820295
0.6509406563619349,0.3875443878338737,0.06031334453290485
0.6899544999838653,0.3316929133858267,0.055766561975020064
0.6995869502081384,0.3264628686120117,0.12420568256518881
0.7438607247733067,0.27524316813339506,0.12038930684391207
0.7953951402110425,0.2904315269414852,0.15451756628442043
0.8306173158217431,0.3392388451443569,0.1215944781243153
0.7885862725483236,0.35855720240852246,0.07470235921408228
0.7979605666526832,0.42112474911224324,0.04061062011540429
0.7419890929039336,0.44534506716072253,0.05801256299758972
0.7514601955532608,0.436506098502393,0.12657950478416477
0.807286456484559,0.46699861046780916,0.12203272222628005
0.7849559521120397,0.5237764397097422,0.08567672193411731
0.7372454742005227,0.5333680716381041,0.12880724563581913
0.7757591403401206,0.526227420101899,0.1830582134248777
0.8094001097163509,0.5819823992589161,0.1578774377328172
0.7594307657555907,0.6237648602748185,0.1488934336425389
0.7405369647294201,0.6125135093407441,0.2141187641516325
0.7963470909032238,0.6251543924656476,0.23999342633847057
0.8047210300429184,0.6864675003859811,0.20151924622014467
0.7501855497111879,0.7114404817044927,0.2233584106347236
0.769176159282326,0.7006909062837734,0.2890585055876123
0.8215979863822647,0.7361239771499151,0.2741034256080637
0.7873438962212398,0.792438628994905,0.2508764882039296
0.7541547000548582,0.7894858730893932,0.3093820758162297
0.8043983348930265,0.7884630230044772,0.3508691841355635
0.8268256478105134,0.8456847305851474,0.315261850850924
0.7746458420729936,0.8839933611239771,0.32367978964283106
0.7597857304204718,0.8562220163656014,0.3861113140018991
0.7366646229307173,0.9215493283927744,0.4076400555109196
0.6945690406273194,0.9213756368689207,0.35654809729019066
0.6818548517215787,0.8518604292110544,0.33774012124753494
0.6236729161960695,0.8656785548865213,0.318639982470236
0.6434541288844428,0.9116103134167052,0.2689905777518078
0.6920520184581624,0.8706770109618649,0.24992695931633924
0.6586853399593403,0.8093446039833255,0.24302461471039372
0.6092161734809125,0.8429635633781072,0.21713169235264043
0.6101842589305883,0.8087077350625288,0.15563143671024762
0.6187840846752073,0.7431874324532962,0.18585201957490324
0.5735583594178579,0.7543036899799289,0.23208677233218905
0.5374487721449547,0.7701482167670217,0.17734277992842015
0.5547613669366549,0.7091245947197776,0.14354320356438538
0.544128561747717,0.6654315269414852,0.19777591118252869
0.4904643583206944,0.6962521228964026,0.21536045577386606
0.4661008745038562,0.700883896865833,0.15186984150171648
0.49041595404821064,0.6475220009263547,0.11348696223796656
0.5212172061053922,0.5952794503628223,0.14827258783142214
0.48192907160605375,0.5975181411147136,0.20128186399824705
0.5144728774726516,0.5514898872935,0.24046819078226575
0.48505921456000517,0.5380963408985641,0.3003980717259514
0.5112620607312272,0.5783155781997839,0.35052224088817474
0.5220078092226274,0.5189323761000463,0.39032941348331024
0.567265803994966,0.4988613555658484,0.3465780439704916
0.6016651069734421,0.5588235294117647,0.3579723906215762
0.6135564232469586,0.5335417631619577,0.42224819224307947
0.6315144083384426,0.46950748803458386,0.39429187057190856
0.671286585562619,0.4992087386135556,0.34955445182966915
0.6896802091064572,0.5461633472286552,0.39925863706084297
0.7032172706444223,0.49002238690751887,0.4415674530713608
0.7340507922165931,0.4566543152694148,0.39000073040683664
0.7657555906934719,0.5178902269569245,0.37457088598349286
0.7800993901061667,0.5223097112860892,0.44227959973705355
0.7999612765820129,0.4518295507179249,0.44397779563216716
0.8319403659362999,0.46377566774741386,0.38620261485647506
0.8598534964019491,0.5218465338891461,0.41430501789496754
0.870405627803414,0.4847344449590859,0.4732305894383172
0.8962373745522604,0.43007951211980855,0.43687458914615446
0.9323308270676691,0.47651304616334716,0.4014133372288365
0.9462228532705154,0.5296626524625598,0.4479767730625959
0.9700054858175481,0.4953296279141578,0.503286830764736
1.0,0.5543268488497761,0.5270250529544958
0.9539675368679209,0.6016288405125829,0.5174202030531005
0.9034012068798606,0.5651343214451134,0.5377620334526332
0.9022879086127334,0.5845105758838968,0.6049046819078228
0.8502049114201814,0.5835263239153928,0.6420458695493391
0.8439446255122784,0.6559749884205649,0.6329340442626543
0.8539965794314112,0.6519028871391075,0.5641297202541816
0.8159024169866727,0.5942951983943183,0.5590899130815865
0.7713382167866016,0.6350741083835107,0.5891096340661749
0.7831004550001612,0.6926817971283,0.5474947045504347
0.7833424763625803,0.6506870464721322,0.4905594916368418
0.7304043370228145,0.6183611239771498,0.5091118252866847
0.7045887250314627,0.6843446039833256,0.5199766269812286
0.7259350091968119,0.7095298749421028,0.45895113578263097
0.7034108877343574,0.6529836343986414,0.42228471258490985
0.6500693794572268,0.6603172765169059,0.45455043459206784
0.6498273580948078,0.7324378570325767,0.43833540281937045
0.663606440995192,0.7178284699706654,0.3720327222262801
0.6174126302881668,0.6687316658947042,0.37221532393543205
0.5787214818161283,0.718928516288405,0.39892995398436937
0.5931459550162961,0.7663656013586537,0.3485501424293332
0.5865145696860176,0.7145862281920642,0.29910159959097227
0.5297524928200329,0.6976416550872317,0.32196333357680235
0.5131498273580948,0.7672533580361278,0.3372105762909941
0.47731453096259957,0.7770186814883433,0.28129793294865246
0.44986930846429374,0.7115176779373166,0.27881454970418523
0.3953660976475524,0.7398100972672532,0.297896428310569
0.598050921294653,0.10232360660799751,0.44949236724855746
0.6587821485043079,0.09682337501929904,0.4435760718720328
0.6802736454871083,0.05037054191755441,0.3961178876634286
0.72182064603569,0.0,0.4150902052443211
0.7668527542031043,0.041994750656167944,0.3879008107515887
0.7461034560650553,0.10060599042766707,0.42319772113066983
0.7464100164574525,0.06318511656631151,0.48294500036520344
0.8042692568330698,0.04228423652925735,0.469925498502666
0.8218884120171673,0.11085379033503164,0.45509823971952384
0.7960889347833102,0.1374864906592558,0.5134760061354174
0.8227274194068863,0.08530183727034117,0.552278869330217
0.8776824034334764,0.09543384282846998,0.5220035059528157
0.8788602407305818,0.16838428284699702,0.5311153312395004
0.8576753041401788,0.16313493901497605,0.5961397998685268
0.9052405692342443,0.11899799289794652,0.611971368052005
0.9415599083545775,0.17770572796047548,0.6044481776349427
0.9086934073380877,0.22255673923112548,0.6456248630487181
0.9251185904675853,0.24519453450671602,0.7082572492878534
0.867937009906741,0.24467345993515513,0.7339310495946242
0.8792474749104521,0.28794194843291643,0.7891315462712731
0.9088870244280228,0.3374440327312027,0.7498539186326785
0.8674691019393979,0.33921954608615096,0.6985063180191368
0.8210171351124592,0.33964412536668204,0.7449967131692353
0.8434767175449353,0.3980237764397097,0.7788875903878462
0.8533834586466165,0.4321638104060522,0.7175881966255205
0.7975894672303075,0.41782461015902417,0.6916039734131912
0.7675304140178772,0.4376061448201327,0.7488678694032577
0.8003485107618832,0.49913154238073176,0.7553137097363232
0.7910710252024913,0.5149567701096186,0.6879884595719816
0.7306140888702443,0.5034545314188668,0.6973194069096488
0.7304204717803091,0.553361895939478,0.7477905193192609
0.7637548807641421,0.6004322989038134,0.7099919655247974
0.7360999064184065,0.5931758530183726,0.6484551895405741
0.6782083965278002,0.586768565693994,0.6730516397633483
0.6813708089967409,0.6236297668673768,0.7332919436125923
0.623221142986221,0.6128608923884514,0.7508582280330144
0.6407918938978348,0.5435386753126447,0.7653020232269375
0.6695601665106974,0.5714837115948741,0.8210868453728727
0.6137177708219045,0.5739346919870311,0.8513256884084436
0.6227371002613831,0.5075266327003242,0.8808889051201519
0.6781761270128109,0.525262467191601,0.9065079249141774
0.6712704508051244,0.5835842210900107,0.9482324154554088
0.6987318080609248,0.545275590551181,1.0
0.748943173384104,0.5342944264319901,0.9605945511649989
0.7785343186291909,0.5968040759610931,0.9743809802059749
0.8052373422827456,0.639802377643971,0.9276714630048938
0.7813417664332505,0.6374671916010498,0.8636695639471187
0.7933944302817129,0.7086614173228346,0.8507413629391573
0.8277614637451999,0.700883896865833,0.7934957271200058
0.8411371777082189,0.6489887293500077,0.7467496895770945
0.8944786859853496,0.6357109773043075,0.7794353955153022
0.8662751298847978,0.6319090628377334,0.8415564969688117
0.8247281293362161,0.58397020225413,0.8178913154627128
0.8665655555197005,0.5413385826771654,0.7865751223431452
0.9035141501823227,0.5432491894395552,0.8420495215835222
0.8588370066797896,0.5308784931295353,0.8885581769045359
0.8690019039013843,0.46732669445731045,0.9221386312175883
0.8087708541740617,0.4568087077350625,0.9346285881235848
0.796330956145729,0.4649722093561834,0.8664085895843985
0.8411371777082189,0.4177474139262004,0.8506865824264116
0.8206783052050727,0.3709664968349545,0.898911693813454
0.7633031075542934,0.37262621584066696,0.8739500401723762
0.786020846106683,0.36411533117183875,0.8092542546198233
0.8159024169866727,0.30378647522000923,0.8300343291213207
0.7636258027041853,0.27773274664196385,0.8564202760937842
0.7277743715511956,0.2911069939786938,0.8012380395880507
0.7675949530478556,0.26817971283001385,0.7536155138412096
0.7826648165478072,0.20848772579898098,0.7912679862683515
0.7229662138178063,0.18893777983634397,0.787652472427142
0.7224176320629901,0.2055156708352632,0.7195968154261925
0.7730485010810287,0.1646788636714528,0.7101745672339494
0.7486204782342121,0.10680098811178011,0.743134175735885
0.6978121268837328,0.11446271421954603,0.704751296472135
0.7310819968375876,0.1032885595182955,0.6468117741582061
0.7335828842492498,0.03138026864289018,0.6632276678109708
0.6722708057697893,0.030762698780299476,0.6576948360236653
0.661734809125819,0.061776285317276455,0.5960667591848661
0.6161057149311046,0.013972518141114717,0.5846176320210358
0.5869179386233826,0.03020302609232665,0.6444927324519758
0.595614572912969,0.10147444804693528,0.6582426411511213
0.5379489496272871,0.11040991199629457,0.6810861149660361
0.543289554357998,0.05504091400339664,0.7263348184939011
0.5996482622866178,0.07555581287633162,0.7449236724855746
0.5837232566394527,0.14561139416396476,0.7582353370827551
0.5266868888960599,0.13441794040450825,0.782357022861734
0.5371744812675465,0.14601667438628993,0.8506865824264116
0.5736067636903418,0.20346997066543152,0.8348367540720181
0.5278324566781761,0.22892542843909214,0.7945365568621723
0.4878021233340863,0.22554809325304923,0.846979767730626
0.528590790280422,0.25797051103906127,0.8898729092104304
0.5407563974313466,0.3131658175081055,0.8459206778175443
0.4801219787666591,0.3258838968658329,0.8379592432985173
0.45682338894446417,0.3143623591168751,0.9013220363742606
0.5016780147794379,0.3389686583294735,0.9415491929004457
0.5417567523960114,0.37868612011733827,0.9052479731210286
0.501710284294427,0.412671761618033,0.8628113359141043
0.5407563974313466,0.4139069013432144,0.8096194580381272
0.5135209267804705,0.4329550717924965,0.7498539186326785
0.5314950466294492,0.38042303535587463,0.7041487108319334
0.5491303365710413,0.4328392774432607,0.6595573734570156
0.5997934751040692,0.43735525706345524,0.7006975385289607
0.6142663525767207,0.36820673151150224,0.6811226353078665
0.6122979121623802,0.3881040605218465,0.6143817106128114
0.6471812578656944,0.44729427203952443,0.6257395369220656
0.6880183290845138,0.40693994133086303,0.659776495507998
0.6879053857820517,0.3580940250115794,0.6068219998539187
0.699361063603214,0.4136753126447429,0.563344532904828
0.7457807609151634,0.4375482476455148,0.6032064860127091
0.7672883926554583,0.3689786938397406,0.6088488788255059
0.7695795282196909,0.3624942102825382,0.5396428310568987
0.7997353899770887,0.42695306469044303,0.535278650208166
0.8395398367162542,0.4047205496371777,0.5844715506537143
0.8498499467553002,0.3403581905203026,0.5527901541158425
0.8589176804672626,0.37808784931295353,0.4936819808633409
0.8982219497240956,0.42430909371622655,0.5254546782557885
0.9263771015521637,0.3691909834800061,0.5574464976992185
0.932137209977734,0.32100123513972517,0.5046928639252064
0.9362031688663719,0.3682453296279141,0.45210357168943105
0.9356223175965664,0.33570711749266635,0.39007377109049746
0.9261834844622285,0.2695885440790489,0.41905266233291943
0.8690825776888572,0.29297900262467186,0.4353407347892777
0.8513988834747813,0.28483480006175693,0.36931195675991535
0.795298331666075,0.29927049559981467,0.343053830983858
0.7782438929942883,0.22828855951829546,0.3483310203783508
0.8006066668817967,0.22344449590859963,0.41406763567307
0.7701442447320016,0.2847769028871391,0.42982616317288735
0.7181096518119333,0.2562528948587309,0.40194288218537727
0.725128271322082,0.19769955226184957,0.44337520999196556
0.7338571751266579,0.23944341516134007,0.5003286830764736
0.6848881861305625,0.2809363903041531,0.4837484478854723
0.6502307270321727,0.2201250578971746,0.4864509531809218
0.6751911968763109,0.20368226030569705,0.5482068512161274
0.6668172577366163,0.26985873089393236,0.5768935797239063
0.6086998612410855,0.2737378415933302,0.5526623329194361
0.599438510439188,0.2045507179249652,0.5759805711781463
0.6201394043047533,0.21971977767484943,0.6408041779271055
0.5884507405853691,0.2832329782306623,0.6429953984369294
0.5375778502049113,0.24862976686737684,0.6226353078664817
0.5472587047016683,0.19497838505480927,0.6689065809655979
0.5559553389912549,0.24365060985023926,0.7203637426046309
0.5041466326761109,0.2787169986104678,0.7016288072456358
0.46958598212268865,0.218484637949668,0.694781243152436
0.44675530026783694,0.21369847151459004,0.7592031261412607
0.43208880570525027,0.28483480006175693,0.7637133883573151
0.3730355932750331,0.2962019453450671,0.779143232780659
