0,1,2
-0.9652289595891934,0.27567717203759506,-0.2560753076108633
-0.948877551206508,0.3304103731238257,-0.23157318171903468
-0.9217865376449909,0.3676758269948105,-0.28238872876134685
-0.9315330013529223,0.4338502025570103,-0.2913450858935695
-0.8689452285552169,0.4327253457851425,-0.2645091132994425
-0.8842098302303992,0.39057337531505,-0.21004732465628584
-0.9409668120539346,0.4320524982535809,-0.19700690297880008
-0.9074388610653369,0.48464372352202095,-0.2010134401444706
-0.8592718513358095,0.4500340813454438,-0.15774192200686152
-0.9047630401694295,0.43065317600591313,-0.11165975517836063
-0.9387191827814949,0.4927296798718138,-0.11040900128475141
-0.8815755546548405,0.5185862052240923,-0.104394189862263
-0.8586786108474934,0.4735858798000033,-0.051790996944619125
-0.9184345501501587,0.47567022268670234,-0.017276497057792516
-0.9280817030791195,0.5422084964209278,-0.02920820118474206
-0.8691532220439143,0.5434038226588935,0.0044399996732053006
-0.8903086561386871,0.5026272846785316,0.057278011760397894
-0.9419810024684977,0.5512504876999371,0.06173223133618545
-0.9655629403682108,0.5575399600760392,0.12657468983698789
-0.9216617782762407,0.5050265277785578,0.1544051184455077
-0.955150770531079,0.4628725015122684,0.12350874352016016
-0.9855378729154131,0.44192191010575926,0.1831474627481843
-0.9271244257916006,0.4328369661333742,0.2193967574231745
-0.8951587373362151,0.39783897849241523,0.1690172868975232
-0.9451288705262477,0.36067840857511735,0.16675753345589878
-0.9384013605767058,0.3439115014718525,0.23662180003328565
-0.8699818351419528,0.3305030346442841,0.2297677860581865
-0.8766455135932586,0.29153306842707416,0.1783674718772903
-0.9179978477223828,0.25683841551184067,0.21941710984206622
-0.8724288336659517,0.2507143011072214,0.27206410460517283
-0.822288210679914,0.22992754280460764,0.22817039424243013
-0.8595727417648732,0.18564117160187524,0.20807871863939437
-0.8744995554966772,0.1616629681126823,0.27323040547106986
-0.8091254742887901,0.15136835585057268,0.29282864735475944
-0.7825396801406157,0.12841160871540508,0.2336551233439037
-0.829328250210617,0.09054655504778791,0.2204279917692092
-0.8555784771631966,0.07017712632161105,0.2821817988998204
-0.9007842004492395,0.037210575485743115,0.25492382037009403
-0.9361472301849387,0.09732281999038779,0.231607140078208
-0.9514759333935665,0.10702753221539527,0.29862723232095145
-0.9944221171919646,0.061522228560689375,0.2981582378774473
-1.0414552145674214,0.10922699998383631,0.266873125373953
-1.0414237759838527,0.14852326430146495,0.31948036284101294
-1.050918965246406,0.11425342161113405,0.3811852225499997
-1.094248228810766,0.16681202032237274,0.39965761456164195
-1.0453982721857493,0.20607089717529406,0.39251761256299644
-0.9971193146203422,0.2180691642073529,0.4339278338426757
-0.9460974034831742,0.21225745208494398,0.38650826397731436
-0.8986865344343284,0.2337091359206121,0.4237834051542423
-0.8653012698546563,0.2811772953107337,0.39526355416097464
-0.9044848414213508,0.3408968770368422,0.39519629285315305
-0.9628945895657833,0.3153800096788445,0.4013271766382784
-1.017419442373623,0.36112878428703177,0.3850808773703714
-1.0474361048990846,0.31440611361363385,0.35864628766396467
-0.995755682688412,0.30238475283482247,0.31344458145388887
-0.995966323976541,0.36850742740453335,0.29951728638092523
-1.0632237251502101,0.3791989083630295,0.2872009508625214
-1.0571482238914496,0.327962502139383,0.24719547040700232
-1.003518032728872,0.3507863893721716,0.21515553886301408
-1.0411227088525008,0.4104921405851375,0.19915262482128324
-1.089898066541119,0.3814984916830645,0.17083177071464212
-1.0440472517271486,0.3448641111743282,0.1327186559651227
-1.0151486610712837,0.39840209607129606,0.11049479453801857
-1.0755107514031097,0.4361185800837894,0.09531042506297215
-1.0915825783667463,0.3878851966104248,0.057829077357221946
-1.0318371902606231,0.38826771587565195,0.023747045013158635
-1.0458763894088687,0.45472995588973036,0.012129990663662413
-1.10627421428448,0.44774244836021754,-0.013984545904784776
-1.075904426090314,0.4015707625928108,-0.05435619058417358
-1.0309503913569238,0.44180213068801527,-0.07910311332218917
-1.0831167120650607,0.4912228965821443,-0.09253576822155149
-1.1147391891694005,0.4510019534240205,-0.12806850584415785
-1.0587724050528626,0.41705853583519437,-0.15472512189194806
-1.0911568242735348,0.4127464402900013,-0.21546432753488556
-1.146101857716191,0.394100908786556,-0.18134767293405402
-1.1212393481852412,0.35561884844988656,-0.1257648162632569
-1.1614379756644155,0.30792529350497505,-0.12117952865814226
-1.2177810419242932,0.35059426891499157,-0.1094836506471509
-1.1874628487517707,0.3858271902985513,-0.06672312190600892
-1.164980251386617,0.32982693847296657,-0.026767253290132145
-1.2194495700589674,0.2990022786023553,-0.03389605877434639
-1.2420137535704479,0.30240545260196583,0.03139165318426156
-1.17917405092057,0.27905730698064557,0.05560536263331657
-1.1737447815699689,0.22965481766641171,0.012964091849094531
-1.232376940128583,0.21304487939972724,0.03975013482692949
-1.2120511042954683,0.21532793231378605,0.1053964003406884
-1.1522252529693289,0.17801546604006338,0.09915095252150634
-1.177428606454154,0.13448360907790802,0.06210614472604931
-1.2312070982993175,0.12439496871691563,0.10190192460467329
-1.2221819719031313,0.1416272493806717,0.1663003474574359
-1.1565495172800937,0.14226720250249086,0.18153750306830116
-1.1346489121550798,0.0938803602553487,0.14103977760012293
-1.0689223681690112,0.10044545679759798,0.14289563078642648
-1.0315482373760714,0.05285869741292044,0.10983862686936109
-1.0128670253433143,0.08092678745461819,0.04809104037733641
-0.9461591350272843,0.060538947092624154,0.06245971710246551
-0.9475128615097678,0.105768537626872,0.10916043373977315
-0.9615614866719604,0.15813448457372448,0.061488612934131964
-0.8982356712600327,0.14630886710109461,0.03516821177247469
-0.8730658533647581,0.14606839574813724,0.09986087867912292
-0.9082320867890097,0.2052356386779789,0.11216853377755648
-0.8941671656873972,0.23049671752620976,0.04664704517536972
-0.8270345577963915,0.21160619737435163,0.05815815647452456
-0.8326564613898431,0.23884544473252697,0.11894463685076156
-0.866953457882298,0.2954297826758286,0.08770073893789487
-0.8165213164073596,0.29483463795519843,0.04051317197093077
-0.7695519316732387,0.28620768444103467,0.09105567133675319
-0.8037800115824526,0.33467232239188766,0.12563048872582744
-0.8082945348323778,0.37652687914428956,0.06686302212307367
-0.7410887376517247,0.35972842292855056,0.05378058098153337
-0.725702310106214,0.37197182653877997,0.11866140824242319
-0.763515714778214,0.4326607320607813,0.11020491968199227
-0.7511101503596783,0.4519474452874017,0.04276290073755527
-0.6842983070946052,0.45248836768710526,0.03228647087239288
-0.6932762066739693,0.4925993738478862,-0.02678610072089804
-0.7470359662414988,0.4717024348134617,-0.053974640643344535
-0.7323992425519098,0.40518110124046886,-0.042079594115495444
-0.695209698754997,0.39663365471177414,-0.10063863624813378
-0.6890148577164342,0.3379972779667542,-0.12931716966532228
-0.7393774865223925,0.3627086849492718,-0.17412436140530477
-0.7810646614912068,0.3869172040347461,-0.12438013868552451
-0.7667335834952895,0.32896794798402595,-0.08400413128072425
-0.7838486322995009,0.2966853278951809,-0.13666087163339274
-0.8420808067617135,0.33800776069389415,-0.1495011681450122
-0.8588827411419823,0.33514713068655055,-0.08153181768924404
-0.8466449895534058,0.2680444013686344,-0.07659866824279138
-0.8870287179787906,0.26748142884471815,-0.13120848205613264
-0.9352339989102374,0.3115154243264259,-0.10491010962231574
-0.9367892867242507,0.27649328499052245,-0.042368106129096174
-0.937688621335368,0.22025541512176544,-0.07317441194659174
-0.9908941618341657,0.2517006003207936,-0.11215728469683568
-1.023291591730723,0.27441052211599315,-0.055149672137379355
-1.009153862960786,0.21218075287620541,-0.02352467490821616
-1.0343142956181217,0.18672697991860374,-0.07775606866914843
-1.0924254136260951,0.23023251399493716,-0.07673806653130118
-1.0982228946742878,0.21601142132144166,-0.007586455383186963
-1.0935750822110823,0.15039990614909873,-0.013635244488747233
-1.1305793880510948,0.15674179119001203,-0.07296367362407345
-1.1883244010912826,0.14154690771810055,-0.04233143601273893
-1.160664473055141,0.08984472452045225,0.0011741692614280685
-1.1834616663300481,0.04543213791299388,-0.03543556468392773
-0.6393957307146505,-0.04206736463314353,0.32072779929075507
-0.615308459228871,0.014219227679060609,0.32839333445201657
-0.618677085029976,0.03132850586412503,0.393938250840717
-0.5649331514339054,0.053946072772326215,0.42047612352336156
-0.5969834972872696,0.11689139425463348,0.4110657330414303
-0.6059652689161054,0.1033094676675521,0.34441261974269183
-0.5411346404718591,0.0770176531705248,0.3341277670029067
-0.5200112124609706,0.12998530701229521,0.3594266380975829
-0.5648392254574085,0.17262522735876365,0.32003087753651643
-0.5425693176729709,0.14230647848204392,0.2627624340935592
-0.47685085985641734,0.14217946600706405,0.27727925003343273
-0.48558119686207835,0.20534135063789846,0.29409198683031296
-0.5179567828213564,0.23036645452840301,0.23481149021831726
-0.47401659865289575,0.19126531942422365,0.1964097491351426
-0.4214172712139216,0.21871495328311819,0.21942744876271772
-0.4485549309476262,0.276071194072965,0.1819931247000557
-0.4603308048941337,0.24899238774122154,0.12312325764666321
-0.41842835521418875,0.2575098142458127,0.06927873873108971
-0.42322535376049825,0.1976193220008935,0.04725362072156053
-0.40166844758657017,0.21311746910214438,-0.017272255403673224
-0.44735816131601047,0.26905127022944186,-0.026651655314546593
-0.49980595987660487,0.24390545873435263,0.004886971908074522
-0.48678762733512604,0.18850328142599648,-0.02998489959452826
-0.48814590366882155,0.226177674921594,-0.09130126083718644
-0.5466053019805083,0.26301817417027185,-0.07320713551899896
-0.577399882666386,0.21110437928509984,-0.05056251849652295
-0.5597406149837527,0.17695027167521526,-0.10561823919064277
-0.5775834575739093,0.23161856278764717,-0.1505775526959329
-0.6378762952723076,0.24476464887291693,-0.11797988140903558
-0.6484363361732458,0.1813840533704172,-0.11983986599353864
-0.6408936787349573,0.1886012558272858,-0.1894001531920561
-0.682552414880599,0.2481141006254307,-0.1948918383311909
-0.7319844802728934,0.23259952813474707,-0.1501206155941181
-0.7332735650496914,0.17001789986073307,-0.16834579474140351
-0.7098093610887817,0.17508628563244272,-0.234672242273138
-0.7152482415856379,0.11218489828835589,-0.2466666887816612
-0.6599060568542194,0.09669888059731249,-0.2045412526408346
-0.6243382918665519,0.12116349106389053,-0.2596188117619412
-0.6255156466911495,0.06158844772840649,-0.28540087312585416
-0.5674475762185294,0.03763618491962022,-0.24842892954800797
-0.5347786956338858,0.08772327019117843,-0.273876360801152
-0.5378157494865096,0.08764744033546186,-0.34366402017345243
-0.4722068655757683,0.094954902432748,-0.3526723915050655
-0.47416078533523176,0.14624784728943557,-0.3122889354858231
-0.48781836360339165,0.19636777506153644,-0.3625787797995941
-0.5361423975013166,0.2487841636114079,-0.36302044927785165
-0.5887100030496074,0.24002355745574122,-0.32083069466154
-0.6342007356042546,0.28114294115402655,-0.3613603174469367
-0.657390766315927,0.3262547782190329,-0.31568825314642024
-0.6523533512386942,0.33083014722996534,-0.24666755516022995
-0.6024429095747883,0.3684832393884629,-0.2553487936505886
-0.5681038538554317,0.3256483940466273,-0.2969756801317703
-0.5741112018538478,0.27371721554018774,-0.25019071065220644
-0.5566752129109913,0.3045503121349929,-0.19605260713207928
-0.5022016266043696,0.3253170321724506,-0.22810914821321632
-0.48072891698428816,0.26783342658061987,-0.25710328696863155
-0.41642649476493127,0.2459500142545818,-0.23705996252839948
-0.42426347714082135,0.1814111998349357,-0.2386211637017481
-0.4803730596340272,0.190293036014092,-0.1988394330018012
-0.44689533042327034,0.2200596911919437,-0.1543215077220423
-0.3930289907719357,0.1712376279949521,-0.15339630649854213
-0.43056248345887516,0.12186635795449845,-0.14260774783096708
-0.46700714686365896,0.15426027947246465,-0.09401289044329035
-0.4087879298662663,0.15559373588263337,-0.06007886694916351
-0.3911053074535896,0.08969023920191146,-0.062471476023390864
-0.4515842748049502,0.07400528797804272,-0.04321981470845778
-0.4594873936117004,0.11107859662925444,0.010730994152167148
-0.393993286375115,0.09105995904522442,0.027862306852013973
-0.4073712170856417,0.027724270808722567,0.03815061795517752
-0.4646481218430003,0.04955475407807746,0.07206972225969513
-0.4287089630699624,0.08177720730556066,0.1130390293544264
-0.38365130652788887,0.026776838674288542,0.12629796617323766
-0.435581637870238,-0.006164794066693315,0.14640257851368613
-0.45404685830193064,0.03723675342530405,0.19473000140153143
-0.3997397371044464,0.008129627865040505,0.2334215659468674
-0.42568203486460543,-0.049955693770297405,0.2363995661707661
-0.4922701268401496,-0.03323904071850819,0.2515208850054335
-0.49584648191651765,-0.09111959831194187,0.2896616664264752
-0.47074088396801217,-0.1265357431367911,0.23591949624303954
-0.4962685113485826,-0.09351544099241221,0.176780478923711
-0.5066492726466519,-0.150142068383613,0.1502174856335804
-0.44041472108561724,-0.17545433927624288,0.15639523717758955
-0.41932575097953856,-0.11737751074331351,0.1365518341935543
-0.4539043216415686,-0.1079722987069225,0.07606376293716706
-0.4501026735483896,-0.1717920135934118,0.06101880944692687
-0.40295318099505556,-0.1672174451256525,0.010404026514521315
-0.43637324263988864,-0.11030505712505685,-0.02008511757531951
-0.495587221842592,-0.13551374289911497,-0.013424151100483528
-0.47018081643933685,-0.18646698618311283,-0.049509795845762095
-0.44529876576371497,-0.144027491483991,-0.09716924262195231
-0.5051816568852646,-0.10444450734074671,-0.10574813922660334
-0.5366492290805518,-0.15696281682207286,-0.1123677769796963
-0.493375448171111,-0.19641342131409403,-0.15057821852377157
-0.46259468616632227,-0.15288304622259674,-0.1898985818021746
-0.4998248567655173,-0.09242933718949574,-0.19133665464243424
-0.5617917492351013,-0.11168203785006457,-0.19049927142730114
-0.5880135638399379,-0.061835905064410925,-0.15221493821475976
-0.6498986493820117,-0.0643813606565819,-0.12533376814044436
-0.6446800679979848,-0.0586564757314872,-0.056278301990325755
-0.7008223651709189,-0.01155293482390995,-0.05927699299738482
-0.6564210131267234,0.029504346542857468,-0.08618149204106544
-0.6241621929654715,0.02085620649187691,-0.024077688047987236
-0.6836990658535597,0.041409629950285395,0.007210279008230227
-0.6972203585667474,0.09516922410731204,-0.03933606313367655
-0.633930025703434,0.11011580136402477,-0.030340656923474138
-0.6439576236792249,0.10461962461769575,0.03924926933026041
-0.7014955001690342,0.14931031612627144,0.03371835599308655
-0.6720134260901066,0.19243833424661655,-0.01001856298615326
-0.6182642616625312,0.1856429027791428,0.033144693259456216
-0.6614758414073582,0.20055088076561425,0.08705546270606423
-0.690913171159488,0.2543747367747851,0.04737026933776349
-0.6297241335308311,0.27292370293020446,0.03047314685629812
-0.6106223040802197,0.26707251445101954,0.09775504657904892
-0.6701146289971138,0.3028520394294577,0.11340351207349414
-0.6629193837743597,0.3497932892127468,0.06086992290914131
-0.5975171452029229,0.35212187772256764,0.07557999870585538
-0.6016526194840309,0.3496124770072299,0.14536752481226353
-0.6647544087350985,0.38281678152306037,0.1534652091761511
-0.6887960862900169,0.38478070828227656,0.21885718059738243
-0.6350598255808839,0.3418783081657899,0.24650746578590266
-0.6569574848056768,0.29299823238039163,0.2142252296848003
-0.7056805742795371,0.28852762989310354,0.2627257306581097
-0.752632059663932,0.24697311702245256,0.26652199030314383
-0.713754849549004,0.2020829480617674,0.31022213987878405
-0.6574460871661213,0.20622336739791883,0.2712233395594025
-0.6922288431549314,0.1969972929038677,0.21483602020782044
-0.7143641768863337,0.14353008658239552,0.24885180041445837
-0.6497019787471311,0.11651873218212963,0.2639351125611938
-0.6317973311301667,0.12792039277405798,0.1961470760165482
-0.6855178557852984,0.1020406399638907,0.17488199356999365
-0.6631150799797063,0.04504897636050374,0.21349199561371426
-0.6005857972693951,0.04572247986603405,0.18542616531755435
-0.6211966829184475,0.05780181019087257,0.1184844828632896
-0.6619044955856241,0.010363575990342634,0.12897969225248382
-0.6100187005629486,-0.03232090062070878,0.15934687716667895
-0.5658290182008909,-0.02026063559642505,0.10796899605252792
-0.6104132573112203,-0.026611224598408263,0.05783173678572504
-0.6238885129694254,-0.08402595297239424,0.09156377869318513
-0.5566552136223278,-0.10652144372343872,0.09888399423279036
-0.5451212891577726,-0.09142613697775721,0.03088340379112774
-0.5974507742187692,-0.1216179833678944,0.014158775266449219
-0.579230078502728,-0.17628759122275378,0.05793969456677532
-0.53881225208616,-0.2135786471199568,0.015779110525311085
-0.5815057565942174,-0.20228248827861106,-0.03840806681029365
-0.5995779488740881,-0.25720985149910763,-0.06168652015016504
-1.1717929092236175,0.10488466561674958,-0.17825223711346425
-1.1918819781888872,0.05228906087479432,-0.2037094940550737
-1.2582169889933008,0.054338016541333786,-0.19168001367330673
-1.29740670017823,0.03530279122477374,-0.23947292753280194
-1.2990947590533228,-0.02095618722932794,-0.19721135136567297
-1.2308921038035252,-0.03113596215039017,-0.19432891769281277
-1.227912300854747,-0.02496045573986902,-0.26388051696684967
-1.2723716866644084,-0.06786641922924201,-0.26766013797560523
-1.2362809462948399,-0.11180983372071535,-0.2204901496288494
-1.1765786776804608,-0.1069158299854315,-0.2539491886526126
-1.2013064108404126,-0.113100164716166,-0.31724560538196084
-1.2259330837258595,-0.1684806633432902,-0.29244231778918606
-1.1705471656250903,-0.19758279470034515,-0.25687382513922297
-1.1243795433377268,-0.18135705065286575,-0.3055631497703484
-1.1638008650152467,-0.19741105433479467,-0.3555409621570085
-1.1543212659417423,-0.2593795679227883,-0.32246509750362246
-1.0866818345693414,-0.26158449613726625,-0.3270868354555696
-1.0954298116441468,-0.2560986184795788,-0.39585282662904664
-1.0459547548572172,-0.29399746552453465,-0.42782302145661344
-1.0083096980103248,-0.3100306346203047,-0.3693498953767032
-0.9933790047212967,-0.24775264021122134,-0.3654118307008793
-0.9292079801906834,-0.2671816451727114,-0.3884547778565851
-0.9197416057846685,-0.31954984216557913,-0.3403897500289186
-0.9483774608998699,-0.2850656269874974,-0.28852172111933677
-0.9129898626934132,-0.23481586771574278,-0.30471956618345414
-0.8549134267808445,-0.2781549249936586,-0.30228091860812084
-0.8719310898539884,-0.3090204418908804,-0.24077269532725623
-0.8871989214248261,-0.24996581228248269,-0.21370966913874195
-0.8252494023406207,-0.23495342048821286,-0.23284347651651724
-0.7933613057496647,-0.2945131474767907,-0.2052178239692667
-0.8310534460699076,-0.28604462344048875,-0.1474804636683904
-0.810991622667567,-0.22605748706595677,-0.14516578056228951
-0.7445335806123393,-0.24704315879928465,-0.15595762473116898
-0.7432301436508744,-0.2973991466711768,-0.10621757953766535
-0.7814493279399494,-0.26442109600375724,-0.058984661271000244
-0.7566814323692546,-0.2065753826185418,-0.07106975466091721
-0.6925094637524585,-0.22047724341247554,-0.09464038867358081
-0.6819190609479632,-0.15688859013044382,-0.10066882120613535
-0.7228479812475964,-0.14846603779717438,-0.15711585262349628
-0.6738396703585539,-0.18805900337161643,-0.1886938949277611
-0.6375928997390634,-0.13656227062268705,-0.19239231058569284
-0.6757658861124638,-0.10985157748798202,-0.24893409697475913
-0.6611041578501722,-0.16590084182064507,-0.28218806172812516
-0.5934485539870188,-0.1852088960366126,-0.2785426509836058
-0.5944282485739572,-0.1893255008813237,-0.347703213790729
-0.6366592464689306,-0.23460760823616564,-0.34231033320439297
-0.624986593347205,-0.30054891368549563,-0.3289823990604979
-0.6670846115096247,-0.30228723915169975,-0.27394799360186683
-0.6615526765545804,-0.36912859853489227,-0.26395700133520245
-0.7200345598652858,-0.3938434833202891,-0.2594554344181523
-0.7495113352863604,-0.3933521057759608,-0.32140350910808846
-0.7089221816558278,-0.35529643930181576,-0.356659220683592
-0.7304588592264983,-0.3265973529204472,-0.4189276390458836
-0.7215722566758771,-0.2665085915856076,-0.40068959220957767
-0.7615901507895217,-0.27042772147410366,-0.343659221090964
-0.8090233302532102,-0.2935751479032289,-0.3794548641614952
-0.8074064745495485,-0.24495205123727193,-0.43119761558087266
-0.8098339806893698,-0.19715761512723834,-0.38717114318933704
-0.8595566150808004,-0.22377503236511626,-0.3511623717761902
-0.8965358737472356,-0.21661853470275236,-0.4099477692445683
-0.8859729015884694,-0.15320525199835297,-0.4237535980763831
-0.9060970915871575,-0.13769181182431284,-0.35978280391262507
-0.9608687926850396,-0.16834504404046788,-0.3619042106494561
-0.9785784625580797,-0.14026641941971751,-0.42677054265411074
-0.9735189160980086,-0.08020147122302151,-0.40576291306339035
-1.0163621455551122,-0.09290887604545807,-0.3528887355020098
-1.0586239959929995,-0.11166362237411381,-0.3985986947276424
-1.0573361891604112,-0.052628623738725566,-0.4359802920188132
-1.0699611410936762,-0.021861712213964123,-0.37743840073249707
-1.1226787828808613,-0.05506347050918173,-0.35832969299880796
-1.1479261437271744,-0.039852660868275804,-0.4229547067872333
-1.1441184130505133,0.02525915095424446,-0.4202904728724118
-1.1555644968577041,0.026747328366429145,-0.35132281207925803
-1.1917287961407672,0.08898556554572265,-0.360502970541381
-1.1375579958424547,0.1140176539633157,-0.3891626173907486
-1.0796116381256302,0.07649956031729695,-0.36503033746135455
-1.0424562692667119,0.12682788226186717,-0.3702679032309658
-1.0516194359684585,0.1349560563154361,-0.4396657084451291
-1.0456981126749443,0.06947834442387608,-0.44851550192472894
-0.9872037880948565,0.0543602473803012,-0.41284339973569917
-0.9625285650615593,0.10995181484631131,-0.4362653400057132
-0.9080979528109633,0.07921273900916086,-0.46865512348456817
-0.8931582294774946,0.03454136427728975,-0.41332499035797154
-0.8996984039723677,0.08184294206340259,-0.3683096971177855
-0.8560646156492158,0.11217452615081486,-0.4098782375028993
-0.8118858155456508,0.05549282013926207,-0.4110772260782709
-0.8119929891858179,0.042491466098971205,-0.34183648228829383
-0.8083276259031729,0.10510344939878559,-0.32750900057559
-0.7601241723487138,0.11822333379388232,-0.3738812603149485
-0.7217715388561841,0.06058233228283206,-0.38476936855606964
-0.73002591969877,0.008273750793605188,-0.3391216033852333
-0.7388779383082404,0.046267553082427824,-0.2858612488743322
-0.7542343074888329,-0.0027911852358591107,-0.24035641641508704
-0.763930559590469,0.01860041200704521,-0.17644613912359564
-0.8310995944757222,0.031177452837770712,-0.1643322079989101
-0.8264428958349362,-0.009924187899682286,-0.10504125524272762
-0.8162430013746914,-0.06268204437322726,-0.14348452544260934
-0.8771485950766306,-0.04864033444408398,-0.1751380325376861
-0.9067256282531426,-0.06551147128682012,-0.11388026868996885
-0.8645743603045567,-0.12385574442087247,-0.10901714790165068
-0.8789998461642725,-0.14061389513216815,-0.17207661781119937
-0.9452026216239514,-0.11786657746336555,-0.16143148995502166
-0.9454707257729809,-0.15866706072499973,-0.10260680076029405
-0.9147410643851998,-0.21009466140666708,-0.1362839583432376
-0.9593359676342176,-0.1966865223310288,-0.18943118438870177
-1.0092751903431965,-0.19587594774067607,-0.1413150400549603
-0.9816521063112355,-0.25594564666492725,-0.1097963481864066
-0.9738724018845997,-0.27992440400900864,-0.17198829924877054
-1.0395354292707952,-0.26002894187304143,-0.1872739403624841
-1.0584943242071432,-0.28418700469293984,-0.12388761764883181
-1.0214592339927604,-0.34354068503760726,-0.13292876267375864
-1.0486280330016389,-0.34556258117800676,-0.19596905996216477
-1.1139226027933036,-0.3158433587414241,-0.18969135561161884
-1.1401220583606935,-0.3486752543909414,-0.13456216348481556
-1.205015615354413,-0.33032330984356195,-0.1544588602943537
-1.1995472264786462,-0.26641622615913557,-0.1727536846159459
-1.1608698949790712,-0.2490444468014588,-0.12270491815311649
-1.2099768497983472,-0.22702455987584663,-0.07811292919942575
-1.2003594457459692,-0.18350361589709227,-0.0322162175262498
-1.2327883672460633,-0.13340253623177764,-0.0747517602522721
-1.1966852363560074,-0.15255254347487165,-0.13115654685081035
-1.138624822638774,-0.1614653495012128,-0.09448556487677401
-1.153132507335922,-0.09770844783490353,-0.07791282635799232
-1.1688992109451466,-0.07497768999444017,-0.1444223904387029
-1.1122590089142537,-0.1095485299254964,-0.16895768474895423
-1.073541711822771,-0.08793957721880778,-0.12178115441221674
-1.1023576953519634,-0.024631257573483976,-0.1391018105489225
-1.0940401526105343,-0.032496048477037916,-0.20753452088362184
-1.0274629339893706,-0.056593911438018625,-0.20153394434862418
-1.019045778902165,-0.007411006896525939,-0.16345023352967264
-1.0507133376603854,0.03701179546644599,-0.21333153579977984
-1.0122191158176492,0.008601045474997042,-0.2634350979423597
-0.9572880454438603,0.011952229831952836,-0.22450253146531518
-0.9787002215091568,0.07689738672381909,-0.21715096492313368
-0.9851681714273801,0.0899426693483388,-0.2863207134009697
-0.9232393795312885,0.05524678415831239,-0.29777747694622414
-0.8935466999815793,0.090187882442907,-0.25385509950022966
-0.9323479306161172,0.1494411546587857,-0.2722243763294417
-0.884731879459793,0.1755069786780864,-0.3117090339305968
-0.8298693783053712,0.15381329182923492,-0.2720949100036806
-0.82513363514049,0.215628689314075,-0.2550183634414685
-0.6672859512809252,-0.32738153334895864,0.1331510570388335
-0.6962595182343028,-0.3775409639663227,0.11319858864411263
-0.6549669645988337,-0.42978955589034795,0.09229310968914334
-0.6614601101186226,-0.4910642285189247,0.12104284251506339
-0.6960921615766757,-0.5016127115274449,0.06429723881237505
-0.7377472360448512,-0.44369175972556535,0.06895565018298039
-0.7510107990985553,-0.46020542936676906,0.13619797142379272
-0.7654218553610419,-0.5190167231633421,0.11923922467504892
-0.8063101579098583,-0.49018184187937225,0.06700166847682729
-0.8400666587802181,-0.4459983729283847,0.10812583514626142
-0.848234766808361,-0.4946044409439494,0.15821816258053903
-0.8687096504180126,-0.5335227496296185,0.11233298170648563
-0.916279692884391,-0.48634670724888046,0.08203955924074262
-0.9383730281378431,-0.4652722880149377,0.1434585470281037
-0.9501331876464149,-0.5274933820233154,0.16470465528086375
-1.0005418972243887,-0.5181664954019464,0.11786170352719179
-1.0306463332619127,-0.4591749635917017,0.13788822664718073
-1.0892732283916147,-0.44888793559519086,0.17197834903234135
-1.0703280960080186,-0.40271014140573025,0.2098972358712402
-1.1334524498338725,-0.3762690494144578,0.22895945392705025
-1.1563975823724433,-0.3719419372125203,0.16318340759425104
-1.1035881112559625,-0.34620211073321033,0.13312024187725235
-1.1034572070928264,-0.3048123389376089,0.18417111832102048
-1.1694430803106626,-0.27984828749479174,0.17501313096917182
-1.1593865536181835,-0.2733564283498985,0.10517028488001441
-1.1035919970672883,-0.2438210295839038,0.10806677877062341
-1.1303053784474797,-0.20096895241767945,0.15305682561783066
-1.1883258310495886,-0.18537195617370383,0.11708028236392827
-1.1531235953082284,-0.17694795898390053,0.057422611014613
-1.116576243763422,-0.1374782947530735,0.08874107081653859
-1.1740341615947727,-0.09869923708825606,0.10400174163891299
-1.1986053671760613,-0.098532415490152,0.03956755542293155
-1.1428188839272544,-0.09031316365119968,0.0018244686728715067
-1.1194785621527872,-0.04752209259967492,0.042093802284944255
-1.17708566599242,-0.018391240261768638,0.0709114746700348
-1.1470532166530836,0.02087802557532063,0.10781545020537818
-1.1260973783874673,-0.03506089566901529,0.1497035657050346
-1.1910255180695273,-0.03157304464300345,0.17189943280780765
-1.177190985656791,0.016096921306319165,0.2115850492020092
-1.161611131548288,-0.02954715901507313,0.26671442886186125
-1.2189258447701796,-0.05667918791201103,0.2618919457170265
-1.2722178911240811,-0.008561577428191417,0.2677827698816422
-1.2962585181329964,-0.047186478690180916,0.32099672839998983
-1.2966480149590618,-0.09727801761918617,0.279945022091181
-1.357573771418867,-0.07765781764550565,0.25034337112941385
-1.3708061714653967,-0.07625906103983683,0.18276651498784088
-1.3186060139254587,-0.06803619373033634,0.13940497986681852
-1.3588307926574263,-0.03306470915965811,0.08900671297044818
-1.341497795999837,-0.07145291475832877,0.03661817861739892
-1.2927630467719795,-0.12097850724669482,0.021473870516548532
-1.3352262934272252,-0.16553887860253147,0.038829462280328096
-1.3523668221962937,-0.138612182287571,0.09924536809331747
-1.2870686121073267,-0.14112524172297394,0.11696983468066233
-1.2691614707293255,-0.20418241036257154,0.10110613587675135
-1.323838948480317,-0.22364236255591802,0.1339381587240648
-1.3174550829667933,-0.19181309712284708,0.1910195078812625
-1.3064907464295203,-0.23596443179337495,0.24759022586309531
-1.2724580376022074,-0.19562219196089062,0.28088714515950935
-1.2305181838098131,-0.18985042965316892,0.22536149841770453
-1.2207149477390489,-0.2560740338671828,0.2235473565729266
-1.2098498742572197,-0.2644213701959266,0.29243097720032946
-1.1628496173935783,-0.2232775734487038,0.28844149488854903
-1.133990039031063,-0.25430952838237425,0.2338684431067838
-1.12901923311708,-0.31294075326209486,0.2726235871868846
-1.0987833915969227,-0.2867822940455808,0.32271738191515387
-1.0536383366954487,-0.25829010217555515,0.2819817236572978
-1.0363967741201896,-0.3092811139708118,0.2434864106156985
-1.0328511227661994,-0.3541262314040986,0.2999158938701775
-0.9846925622402871,-0.3220837464429985,0.3246793286275408
-0.9546044658404514,-0.3198618448680776,0.26146169287476834
-0.9554846199098593,-0.3855593697295971,0.2597386044451242
-0.9271664266248494,-0.40002535822297464,0.3231556973940185
-0.8796962202314448,-0.3617272929527787,0.3033245669167324
-0.8593832388675084,-0.4015600857976629,0.25243777463931466
-0.8292738377900066,-0.44752593390909945,0.30170341249205235
-0.7898701192404588,-0.40234765330654926,0.31571892225297704
-0.7658828342282501,-0.38247220178530694,0.2532653697952739
-0.7053153989420378,-0.38022835935481775,0.2819855344896827
-0.7320171150086714,-0.3399767800351228,0.33063953789255096
-0.7857002607889788,-0.2989540269702538,0.3027189251710767
-0.7702369595832828,-0.24670147215540483,0.3336631936547928
-0.7678459315637011,-0.2804349099849152,0.3968931812065232
-0.8232322489529902,-0.3073892000281687,0.38470578516835874
-0.8615674796245901,-0.2486139359009533,0.3643472708588731
-0.8357224682744638,-0.20960605068940974,0.4064271550896942
-0.8878608319362326,-0.20118942151532976,0.45251620283482125
-0.9328202751172818,-0.1938362757062089,0.39956349534694396
-0.897343359638497,-0.14815343453864357,0.3675972647428635
-0.9022302008881892,-0.11328189913480718,0.4234919795911408
-0.9693134422822044,-0.1176684951161664,0.42943728127607905
-0.9825922355835438,-0.09709640868419205,0.3621558915291971
-0.9497950039524703,-0.04417542713354862,0.36719355150273525
-0.9661150293762604,-0.025751833782427774,0.4311047527460414
-1.0295795671730568,-0.038577968091451795,0.43769066671780565
-1.0547627336888263,-0.04803420506909254,0.37622565029591
-1.0262723879555269,-0.0014720712200791736,0.3364779521929921
-1.0191558916734211,-0.0370744383158012,0.28136599948704144
-0.9796464083841121,-0.012037259184260279,0.23147949078167274
-0.9338378295136744,-0.06530891611639714,0.2161382220528838
-0.9483616562096241,-0.050735785645306675,0.14814163698311847
-1.0042854158703831,-0.08073990626222627,0.16401446633092812
-0.9620082888640159,-0.1386499174302734,0.17928649118249404
-0.9337417450758905,-0.13305183611818075,0.11585311293051297
-0.9944688918383479,-0.11987645002128418,0.0844214089880882
-1.0149458035823817,-0.17222012462951097,0.12041430768200473
-0.9564828631469088,-0.21040837278231836,0.10269829216225868
-0.969840324579416,-0.18899048867122706,0.035812907466534996
-1.0335912947474555,-0.20351710666035078,0.04201547162104316
-1.0102945516185258,-0.26308893490419294,0.07525186083713942
-0.9680438488557447,-0.27798157033409704,0.022055409800146798
-1.019950190022265,-0.25989436349810274,-0.02335329729406556
-1.0589001949046577,-0.29784251678279355,0.015908069747767536
-1.009941234308582,-0.35110721289217534,0.020199322761028496
-1.002705397704193,-0.3413901913739461,-0.04946235432169416
-1.0703848352904923,-0.33723372160134796,-0.05910345398016193
-1.0738401935992903,-0.38975543537886187,-0.013455614572305414
-1.0193026899165687,-0.4319304028448291,-0.033084913638707816
-1.0183281429762945,-0.41147503136860303,-0.10086985429357313
-0.9636664633344953,-0.4400095851317846,-0.13410611190138613
-0.9371185966505762,-0.471606553783109,-0.07412798417627293
-0.9264557808789357,-0.41134308713033113,-0.05602971474328851
-0.8734058266191294,-0.4118071395898748,-0.09989687344818757
-0.833694426272281,-0.3635839158000776,-0.11184156925810887
-0.7862551389614963,-0.39563682017819185,-0.06624263071160041
-0.834461808418786,-0.40709053598857337,-0.01735714602979388
-0.860726439908176,-0.3426264762260463,-0.02697528668357457
-0.7979416451671524,-0.3252922449862035,-0.01947267182996868
-0.7925152034515253,-0.36283513605170886,0.04180928144600885
-0.8542699639976398,-0.3351967438106763,0.0638299710812514
-0.8397484393665439,-0.27371219287746024,0.04374743171442859
-0.7863327199994995,-0.28627235786395583,0.08728436241875939
-0.827145524816222,-0.30765874278506405,0.1381185939228104
-0.8765460640930365,-0.25507939913643457,0.1299103146056124
-0.8307991857112886,-0.21185398401231084,0.12559531720019065
-0.7993412598903575,-0.24629272045185283,0.1825228436804442
-0.8574700708972766,-0.24374901753872188,0.22093245548379747
-0.8764417116325697,-0.17872109737486208,0.19961706321765682
-0.8152037004912733,-0.16519289920146332,0.2159529239538049
-0.8169209019032817,-0.20096676056087762,0.2778439773552965
-0.8794423643603864,-0.169565964196197,0.29189791339962107
-0.8583505624592153,-0.11034731995250795,0.27420385959222
-0.7998171843688816,-0.12384983963408545,0.3097114726215632
-0.8208648836667203,-0.10131345095529196,0.37089506495246233
-0.8554798193721465,-0.04393792240973247,0.3425105495010879
-0.8363193097281554,0.009961413664546066,0.3666416586774877
