PDB_ID,X,Y,Z
1A3N,10.228,20.761,6.807
1A3N,6.624,21.451,7.763
1A3N,4.831,23.237,4.928
1A3N,2.252,25.966,5.311
1A3N,-0.457,23.367,4.513
1A3N,1.069,20.972,7.101
1A3N,0.946,23.686,9.764
1A3N,-2.657,24.552,8.903
1A3N,-3.578,20.829,9.048
1A3N,-1.868,20.308,12.382
1A3N,-3.565,23.346,13.951
1A3N,-6.957,22.358,12.597
1A3N,-6.647,18.789,13.878
1A3N,-5.212,19.711,17.304
1A3N,-7.757,22.528,17.555
1A3N,-10.567,19.934,17.19
1A3N,-8.862,17.802,19.902
1A3N,-9.346,20.831,22.076
1A3N,-9.976,20.02,25.73
1A3N,-9.621,16.236,25.2
1A3N,-5.867,16.641,24.592
1A3N,-4.88,15.262,28.037
1A3N,-7.238,12.272,27.73
1A3N,-5.834,11.496,24.246
1A3N,-2.242,11.796,25.459
1A3N,-2.984,9.188,28.214
1A3N,-4.711,6.9,25.656
1A3N,-1.702,7.161,23.318
1A3N,0.667,6.141,26.19
1A3N,-1.665,3.195,27.034
1A3N,-1.704,2.183,23.364
1A3N,2.089,2.343,23.338
1A3N,2.556,0.26,26.517
1A3N,0.308,-2.535,25.246
1A3N,1.505,-2.518,21.629
1A3N,5.216,-2.045,22.252
1A3N,5.987,-3.583,25.664
1A3N,9.669,-2.622,25.652
1A3N,8.566,1.043,26.166
1A3N,7.437,0.044,29.68
1A3N,11.132,-0.189,30.691
1A3N,11.179,3.619,31.133
1A3N,8.373,3.533,33.736
1A3N,9.188,1.038,36.518
1A3N,7.96,3.58,39.076
1A3N,4.483,3.632,37.498
1A3N,1.411,1.507,37.889
1A3N,0.704,1.061,34.142
1A3N,-2.703,-0.614,34.445
1A3N,-5.611,0.735,32.469
1A3N,-6.984,3.884,34.128
1A3N,-3.785,4.599,36.061
1A3N,-3.651,8.165,37.39
1A3N,0.109,8.197,36.837
1A3N,-0.372,7.466,33.123
1A3N,-3.203,10.043,32.985
1A3N,-1.039,12.714,34.64
1A3N,1.873,11.888,32.316
1A3N,-0.551,11.911,29.37
1A3N,-1.688,15.435,30.275
1A3N,1.957,16.662,30.357
1A3N,2.709,15.096,26.965
1A3N,-0.436,16.613,25.452
1A3N,0.266,20.056,26.955
1A3N,3.794,19.918,25.463
1A3N,2.236,19.067,22.074
1A3N,-0.152,22.003,22.477
1A3N,2.844,24.248,23.18
1A3N,4.645,22.882,20.109
1A3N,1.587,23.548,17.883
1A3N,1.412,27.092,19.288
1A3N,5.093,27.629,18.43
1A3N,5.142,25.55,15.244
1A3N,7.633,27.973,13.552
1A3N,9.871,28.073,16.661
1A3N,9.75,24.584,18.058
1A3N,13.355,24.063,19.19
1A3N,13.186,26.84,21.789
1A3N,9.653,25.984,22.972
1A3N,10.725,22.396,23.629
1A3N,14.273,23.169,24.814
1A3N,13.733,22.22,28.435
1A3N,12.103,18.943,27.355
1A3N,15.001,18.267,24.948
1A3N,17.412,18.738,27.864
1A3N,15.363,16.474,30.139
1A3N,15.055,13.628,27.709
1A3N,18.686,13.905,26.558
1A3N,20.377,14.105,29.942
1A3N,18.061,12.706,32.625
1A3N,15.372,10.383,31.231
1A3N,17.586,9.197,28.406
1A3N,14.862,7.423,26.46
1A3N,16.341,5.609,23.481
1A3N,15.484,7.627,20.363
1A3N,13.756,4.595,18.747
1A3N,10.831,4.904,21.175
1A3N,9.765,8.326,19.885
1A3N,8.506,6.757,16.639
1A3N,6.417,4.291,18.701
1A3N,4.697,6.975,20.776
1A3N,4.208,9.136,17.617
1A3N,2.447,6.217,15.872
1A3N,0.26,5.68,18.929
1A3N,-0.571,9.406,19.034
1A3N,-1.505,9.145,15.353
1A3N,-3.732,6.13,16.042
1A3N,-5.394,7.84,18.995
1A3N,-6.11,10.924,16.839
1A3N,-7.52,8.724,14.02
1A3N,-9.842,6.958,16.488
1A3N,-11.156,10.321,17.74
1A3N,-11.27,12.383,14.506
1A3N,-13.525,10.703,11.938
1A3N,-13.992,13.869,9.897
1A3N,-10.566,15.483,10.244
1A3N,-8.202,12.52,9.834
1A3N,-8.075,12.687,6.012
1A3N,-5.029,11.311,4.132
1A3N,-3.537,14.81,3.918
1A3N,-4.072,15.531,7.604
1A3N,-2.621,12.108,8.523
1A3N,0.477,12.934,6.507
1A3N,0.89,16.372,8.072
1A3N,0.385,14.973,11.585
1A3N,2.991,12.246,10.939
1A3N,5.484,14.868,9.797
1A3N,4.688,17.063,12.794
1A3N,5.235,14.286,15.357
1A3N,8.465,13.256,13.624
1A3N,9.638,16.909,13.805
1A3N,8.703,17.113,17.508
1A3N,10.522,13.785,18.016
1A3N,13.621,15.118,16.233
1A3N,13.673,18.258,18.422
1A3N,13.279,16.124,21.559
1A3N,16.292,13.962,20.678
1A3N,18.426,16.839,19.27
1A3N,20.668,17.229,22.338
1A3N,21.286,13.537,23.019
1A3N,24.863,13.702,21.805
1A3N,2.695,-14.734,19.744
1A3N,-0.953,-13.775,19.723
1A3N,-2.835,-14.842,22.847
1A3N,-6.329,-16.381,22.484
1A3N,-7.94,-13.088,23.528
1A3N,-5.755,-11.509,20.77
1A3N,-6.686,-14.029,18.082
1A3N,-10.395,-13.56,18.91
1A3N,-10.042,-9.771,18.888
1A3N,-8.379,-9.922,15.439
1A3N,-11.022,-12.254,14.005
1A3N,-13.97,-10.338,15.473
1A3N,-12.879,-6.977,14.054
1A3N,-11.937,-8.561,10.692
1A3N,-15.551,-9.812,10.244
1A3N,-16.564,-6.108,9.855
1A3N,-13.789,-5.102,7.433
1A3N,-14.718,-4.631,3.792
1A3N,-11.337,-5.9,2.544
1A3N,-11.659,-4.312,-0.877
1A3N,-12.448,-0.85,0.549
1A3N,-9.949,-0.972,3.419
1A3N,-7.188,-2.278,1.073
1A3N,-7.776,0.641,-1.325
1A3N,-7.713,3.117,1.582
1A3N,-4.583,1.699,3.185
1A3N,-2.614,1.498,-0.048
1A3N,-3.7,5.037,-1.082
1A3N,-2.728,6.394,2.355
1A3N,0.655,4.645,2.155
1A3N,1.321,6.505,-1.105
1A3N,0.147,9.864,0.391
1A3N,1.843,9.623,3.819
1A3N,5.153,8.06,2.609
1A3N,5.283,9.292,-1.026
1A3N,8.644,7.676,-1.832
1A3N,6.589,4.408,-1.828
1A3N,5.166,5.63,-5.21
1A3N,8.47,4.364,-6.736
1A3N,6.807,0.87,-7.106
1A3N,3.746,2.246,-8.905
1A3N,5.141,4.182,-11.893
1A3N,2.586,2.724,-14.31
1A3N,-0.485,3.42,-12.099
1A3N,-1.412,6.825,-13.533
1A3N,-2.105,10.011,-11.654
1A3N,-0.564,10.156,-8.193
1A3N,-0.095,13.944,-8.255
1A3N,-2.204,14.922,-5.184
1A3N,-3.868,13.097,-2.261
1A3N,-7.28,13.105,-3.952
1A3N,-5.756,11.766,-7.18
1A3N,-3.967,8.975,-5.293
1A3N,-7.036,8.052,-3.232
1A3N,-9.394,7.982,-6.22
1A3N,-6.95,6.201,-8.588
1A3N,-8.625,3.04,-9.888
1A3N,-5.292,1.164,-10.169
1A3N,-4.404,2.065,-6.577
1A3N,-7.828,0.887,-5.455
1A3N,-7.513,-2.356,-7.462
1A3N,-4.04,-3.176,-6.152
1A3N,-5.127,-2.307,-2.624
1A3N,-7.923,-4.883,-2.953
1A3N,-5.436,-7.537,-4.086
1A3N,-2.863,-6.781,-1.438
1A3N,-5.302,-6.742,1.459
1A3N,-7.054,-9.799,0.006
1A3N,-3.794,-11.785,0.432
1A3N,-3.362,-10.263,3.894
1A3N,-6.925,-11.338,4.799
1A3N,-6.228,-14.853,3.571
1A3N,-3.173,-14.947,5.864
1A3N,-5.422,-14.236,8.891
1A3N,-6.739,-17.836,8.679
1A3N,-3.135,-19.082,9.216
1A3N,-1.781,-16.957,12.105
1A3N,0.357,-19.789,13.491
1A3N,2.091,-20.287,10.072
1A3N,2.557,-16.866,8.5
1A3N,6.071,-17.741,7.251
1A3N,4.741,-20.706,5.253
1A3N,1.623,-18.87,4.124
1A3N,3.547,-15.932,2.61
1A3N,6.672,-17.771,1.371
1A3N,5.678,-17.672,-2.321
1A3N,4.786,-13.981,-2.208
1A3N,7.99,-13.246,-0.224
1A3N,10.116,-14.738,-2.983
1A3N,8.103,-12.798,-5.572
1A3N,8.579,-9.482,-3.779
1A3N,12.299,-10.125,-3.452
1A3N,13.278,-11.706,-6.787
1A3N,10.847,-10.125,-9.186
1A3N,9.394,-6.973,-7.644
1A3N,12.526,-5.804,-5.788
1A3N,10.441,-4.383,-2.914
1A3N,12.31,-3.35,0.209
1A3N,10.585,-5.143,3.136
1A3N,10.471,-1.835,5.111
1A3N,7.434,-1.068,2.813
1A3N,5.529,-3.955,4.477
1A3N,6.151,-2.339,7.885
1A3N,4.98,1.084,6.638
1A3N,1.821,-0.528,5.144
1A3N,1.164,-2.258,8.496
1A3N,1.26,1.078,10.386
1A3N,-1.024,2.801,7.83
1A3N,-3.447,-0.158,7.992
1A3N,-3.568,0.188,11.844
1A3N,-4.291,3.902,11.403
1A3N,-7.067,3.158,8.857
1A3N,-8.721,0.616,11.185
1A3N,-8.526,3.152,14.009
1A3N,-10.019,5.894,11.795
1A3N,-12.769,3.648,10.397
1A3N,-13.783,1.838,13.593
1A3N,-13.198,4.595,16.179
1A3N,-13.619,3.639,19.841
1A3N,-14.067,-0.111,19.061
1A3N,-10.393,-0.236,17.978
1A3N,-9.308,-0.229,21.627
1A3N,-5.731,-0.325,22.981
1A3N,-5.842,-4.127,23.365
1A3N,-7.361,-4.621,19.894
1A3N,-4.633,-2.406,18.435
1A3N,-1.953,-4.433,20.256
1A3N,-3.31,-7.644,18.689
1A3N,-3.248,-5.998,15.21
1A3N,0.301,-4.708,15.782
1A3N,1.447,-8.291,16.375
1A3N,-0.336,-9.374,13.166
1A3N,1.075,-6.589,10.945
1A3N,4.578,-7.243,12.356
1A3N,4.137,-11.003,11.756
1A3N,2.914,-10.547,8.177
1A3N,5.748,-8.112,7.324
1A3N,8.304,-10.519,8.831
1A3N,6.785,-13.45,6.872
1A3N,6.909,-11.487,3.611
1A3N,10.526,-10.502,4.309
1A3N,11.62,-14.021,5.279
1A3N,12.674,-15.341,1.875
1A3N,14.688,-12.267,0.909
1A3N,18.341,-12.945,0.06
1A3N,24.28,19.12,15.55
1A3N,27.937,18.637,14.685
1A3N,30.025,20.348,17.325
1A3N,33.214,22.139,16.315
1A3N,35.132,19.196,17.835
1A3N,33.083,16.764,15.737
1A3N,33.963,18.724,12.614
1A3N,37.652,18.71,13.545
1A3N,37.534,14.93,14.177
1A3N,35.755,14.214,10.849
1A3N,38.103,16.416,8.789
1A3N,41.132,14.643,10.268
1A3N,39.833,11.094,9.884
1A3N,38.294,11.559,6.391
1A3N,41.392,13.514,5.313
1A3N,43.341,10.294,6.034
1A3N,41.077,8.343,3.679
1A3N,42.4,10.606,0.956
1A3N,42.967,8.728,-2.288
1A3N,41.279,5.532,-1.007
1A3N,37.751,7.06,-0.861
1A3N,36.757,5.126,-4.043
1A3N,37.982,1.829,-2.591
1A3N,36.454,2.45,0.85
1A3N,33.117,3.506,-0.625
1A3N,32.995,0.281,-2.659
1A3N,33.927,-1.873,0.376
1A3N,31.22,-0.172,2.474
1A3N,28.623,-0.997,-0.22
1A3N,29.747,-4.655,-0.43
1A3N,29.657,-4.788,3.371
1A3N,26.08,-3.445,3.267
1A3N,24.851,-5.823,0.543
1A3N,26.247,-8.856,2.341
1A3N,25.222,-7.879,5.869
1A3N,21.839,-6.365,4.965
1A3N,20.596,-8.101,1.799
1A3N,17.347,-6.137,1.651
1A3N,19.473,-3.151,0.509
1A3N,20.129,-5.082,-2.715
1A3N,16.473,-4.341,-3.656
1A3N,17.645,-0.825,-4.759
1A3N,20.347,-2.244,-7.09
1A3N,18.731,-4.984,-9.202
1A3N,20.229,-3.26,-12.256
1A3N,23.78,-3.662,-11.007
1A3N,26.198,-6.556,-11.256
1A3N,26.795,-6.827,-7.508
1A3N,29.539,-9.481,-7.717
1A3N,32.733,-8.694,-5.848
1A3N,34.916,-6.165,-7.651
1A3N,32.311,-5.164,-10.219
1A3N,32.892,-1.922,-12.086
1A3N,29.423,-0.667,-11.133
1A3N,30.01,-1.125,-7.378
1A3N,33.47,0.455,-7.627
1A3N,32.086,3.397,-9.618
1A3N,29.129,3.894,-7.256
1A3N,31.516,3.524,-4.285
1A3N,33.601,6.413,-5.664
1A3N,30.504,8.578,-6.156
1A3N,29.333,7.995,-2.584
1A3N,32.792,8.65,-1.167
1A3N,33.311,11.827,-3.274
1A3N,29.931,13.121,-2.078
1A3N,31.108,12.564,1.52
1A3N,34.357,14.4,0.701
1A3N,32.234,17.318,-0.571
1A3N,30.177,17.165,2.633
1A3N,33.291,17.112,4.905
1A3N,34.681,20.077,2.955
1A3N,31.447,22.062,3.416
1A3N,30.526,20.623,6.835
1A3N,29.093,24.008,8.014
1A3N,26.484,23.999,5.216
1A3N,25.696,20.397,4.186
1A3N,22.09,21.113,3.14
1A3N,23.316,23.493,0.421
1A3N,26.328,21.372,-0.623
1A3N,24.26,18.194,-1.001
1A3N,21.194,19.936,-2.419
1A3N,21.254,18.161,-5.787
1A3N,21.787,14.766,-4.132
1A3N,18.984,15.342,-1.6
1A3N,16.746,16.163,-4.598
1A3N,17.819,13.001,-6.449
1A3N,17.16,10.737,-3.479
1A3N,13.834,12.334,-2.516
1A3N,12.324,12.574,-5.993
1A3N,13.831,9.809,-8.095
1A3N,15.74,7.102,-6.19
1A3N,13.305,7.218,-3.287
1A3N,15.322,4.833,-1.141
1A3N,13.499,4.139,2.141
1A3N,15.123,6.223,4.886
1A3N,15.789,3.146,7.066
1A3N,18.594,2.106,4.67
1A3N,20.726,5.213,5.294
1A3N,21.463,3.903,8.814
1A3N,22.576,0.585,7.283
1A3N,25.041,2.124,4.833
1A3N,26.181,4.557,7.555
1A3N,27.02,1.648,9.872
1A3N,28.931,-0.081,7.048
1A3N,30.896,3.092,6.203
1A3N,31.785,3.321,9.911
1A3N,33.016,-0.331,10.004
1A3N,34.998,0.288,6.84
1A3N,36.728,3.297,8.379
1A3N,37.382,1.374,11.606
1A3N,38.983,-1.458,9.615
1A3N,41.22,0.948,7.673
1A3N,42.081,3.702,10.223
1A3N,43.555,1.923,13.252
1A3N,45.414,4.98,14.552
1A3N,42.561,7.431,14.026
1A3N,39.427,5.54,15.14
1A3N,39.358,6.544,18.817
1A3N,36.13,6.493,20.851
1A3N,35.742,10.247,20.352
1A3N,36.365,10.036,16.584
1A3N,34.004,7.051,16.308
1A3N,31.242,9.164,17.952
1A3N,31.971,12.149,15.673
1A3N,31.986,9.973,12.555
1A3N,28.705,8.298,13.571
1A3N,27.105,11.717,14.166
1A3N,28.428,13.022,10.824
1A3N,27.032,10.092,8.816
1A3N,23.726,10.472,10.583
1A3N,23.711,14.209,9.695
1A3N,24.565,13.452,6.064
1A3N,21.702,10.908,6.074
1A3N,19.304,13.509,7.537
1A3N,20.198,15.967,4.778
1A3N,19.787,13.284,2.07
1A3N,16.269,12.406,3.322
1A3N,15.24,16.013,4.157
1A3N,13.019,16.519,1.095
1A3N,11.318,13.125,0.959
1A3N,7.94,14.591,2.004
1A3N,20.502,-18.441,10.306
1A3N,24.266,-18.726,9.982
1A3N,25.598,-21.133,7.383
1A3N,28.173,-23.743,8.422
1A3N,30.964,-21.567,6.933
1A3N,29.678,-18.53,8.866
1A3N,29.697,-20.469,12.138
1A3N,33.283,-21.552,11.425
1A3N,34.375,-17.999,10.613
1A3N,32.776,-16.619,13.81
1A3N,34.427,-19.323,15.935
1A3N,37.833,-18.798,14.277
1A3N,37.906,-15.018,14.776
1A3N,36.593,-15.29,18.337
1A3N,39.541,-17.577,19.204
1A3N,41.792,-14.535,18.792
1A3N,39.755,-12.211,21.047
1A3N,40.773,-11.038,24.477
1A3N,37.229,-11.065,25.883
1A3N,37.93,-8.823,28.906
1A3N,39.767,-6.258,26.755
1A3N,37.2,-6.166,23.943
1A3N,34.321,-6.144,26.489
1A3N,35.713,-3.119,28.345
1A3N,36.327,-1.35,24.988
1A3N,32.869,-2.093,23.565
1A3N,31.006,-1.068,26.701
1A3N,33.04,2.12,27.054
1A3N,32.465,2.94,23.367
1A3N,28.718,2.344,23.878
1A3N,28.706,4.93,26.642
1A3N,30.772,7.369,24.572
1A3N,29.058,6.993,21.202
1A3N,25.47,6.661,22.549
1A3N,25.666,8.571,25.848
1A3N,22.062,8.013,26.81
1A3N,23.151,4.421,27.601
1A3N,24.934,5.869,30.656
1A3N,21.473,5.996,32.312
1A3N,22.032,2.555,33.931
1A3N,25.468,3.474,35.334
1A3N,25.04,6.496,37.619
1A3N,26.742,4.511,40.454
1A3N,29.854,3.942,38.296
1A3N,31.688,7.181,39.051
1A3N,33.343,9.409,36.493
1A3N,31.862,9.288,32.988
1A3N,32.609,12.977,32.28
1A3N,34.739,12.574,29.145
1A3N,35.568,9.885,26.585
1A3N,38.874,9.197,28.375
1A3N,37.126,9.0,31.777
1A3N,34.551,6.516,30.481
1A3N,37.144,4.307,28.766
1A3N,39.434,4.406,31.804
1A3N,36.665,3.765,34.351
1A3N,37.295,0.472,36.19
1A3N,33.562,-0.073,36.874
1A3N,32.791,0.35,33.138
1A3N,35.568,-2.097,32.277
1A3N,34.3,-4.521,34.918
1A3N,30.744,-4.435,33.551
1A3N,32.152,-4.876,30.008
1A3N,34.004,-8.002,31.146
1A3N,30.764,-9.352,32.591
1A3N,28.542,-8.659,29.569
1A3N,31.01,-9.847,26.961
1A3N,31.944,-12.94,29.023
1A3N,28.244,-13.953,28.825
1A3N,28.21,-13.094,25.098
1A3N,31.348,-15.21,24.582
1A3N,29.834,-18.209,26.387
1A3N,26.685,-17.812,24.285
1A3N,28.747,-18.391,21.112
1A3N,28.902,-22.117,22.011
1A3N,25.102,-22.149,21.708
1A3N,24.449,-20.542,18.333
1A3N,21.621,-23.019,17.706
1A3N,19.812,-22.178,20.985
1A3N,20.351,-18.485,21.738
1A3N,16.777,-18.022,22.989
1A3N,17.108,-20.891,25.467
1A3N,20.601,-19.828,26.485
1A3N,19.614,-16.198,27.214
1A3N,16.079,-16.778,28.535
1A3N,16.729,-16.177,32.277
1A3N,18.987,-13.2,31.409
1A3N,16.15,-11.881,29.202
1A3N,13.669,-12.056,32.074
1A3N,16.197,-10.376,34.423
1A3N,16.951,-7.516,32.016
1A3N,13.193,-6.857,31.58
1A3N,11.749,-7.454,35.05
1A3N,14.529,-6.179,37.253
1A3N,17.013,-4.121,35.265
1A3N,14.531,-2.36,32.941
1A3N,16.951,-2.296,30.028
1A3N,15.263,-1.309,26.755
1A3N,16.377,-4.031,24.252
1A3N,17.47,-1.315,21.81
1A3N,20.61,-1.081,24.063
1A3N,21.507,-4.664,22.991
1A3N,21.385,-3.633,19.336
1A3N,23.547,-0.566,19.958
1A3N,26.078,-2.657,21.822
1A3N,26.071,-5.188,18.922
1A3N,26.781,-2.308,16.541
1A3N,29.658,-1.071,18.724
1A3N,30.991,-4.624,19.033
1A3N,31.133,-4.96,15.243
1A3N,33.002,-1.62,15.004
1A3N,35.469,-2.772,17.698
1A3N,36.108,-6.107,15.963
1A3N,36.67,-4.152,12.726
1A3N,39.106,-1.757,14.466
1A3N,40.851,-4.613,16.218
1A3N,41.208,-7.11,13.329
1A3N,41.46,-4.662,10.449
1A3N,41.424,-6.348,7.052
1A3N,40.839,-9.774,8.639
1A3N,37.3,-8.562,9.531
1A3N,36.204,-8.984,5.915
1A3N,32.727,-8.236,4.477
1A3N,31.67,-11.914,4.766
1A3N,33.056,-12.165,8.366
1A3N,31.168,-8.987,9.229
1A3N,27.943,-10.465,7.702
1A3N,28.378,-13.499,9.971
1A3N,28.919,-11.336,13.09
1A3N,25.884,-9.186,12.182
1A3N,23.736,-12.337,12.33
1A3N,25.283,-13.189,15.712
1A3N,24.764,-9.76,17.283
1A3N,21.162,-9.559,15.956
1A3N,20.588,-13.144,17.233
1A3N,21.871,-12.358,20.783
1A3N,19.907,-9.067,20.903
1A3N,16.754,-10.86,19.788
1A3N,17.354,-13.64,22.322
1A3N,17.893,-11.118,25.14
1A3N,14.682,-9.301,24.114
1A3N,12.54,-12.422,23.739
1A3N,11.125,-12.67,27.267
1A3N,10.216,-8.984,27.514
1A3N,6.556,-8.395,28.359
2C0K,9.077,-7.905,-5.617
2C0K,8.058,-11.566,-6.18
2C0K,7.861,-13.597,-9.382
2C0K,4.158,-14.347,-8.54
2C0K,3.642,-10.663,-7.646
2C0K,5.008,-9.433,-11.062
2C0K,2.778,-11.796,-12.987
2C0K,-0.297,-10.822,-10.927
2C0K,0.298,-7.121,-11.631
2C0K,0.638,-7.861,-15.375
2C0K,-2.376,-10.176,-15.678
2C0K,-4.756,-7.808,-13.812
2C0K,-3.336,-4.613,-15.334
2C0K,-4.237,-5.778,-18.91
2C0K,-7.924,-5.497,-17.956
2C0K,-7.522,-1.781,-17.107
2C0K,-5.298,-1.136,-20.152
2C0K,-8.152,-2.315,-22.375
2C0K,-10.222,0.878,-21.604
2C0K,-7.605,3.577,-20.758
2C0K,-9.797,6.611,-21.347
2C0K,-12.753,5.268,-19.33
2C0K,-10.415,4.338,-16.456
2C0K,-8.555,7.674,-16.629
2C0K,-11.74,9.754,-16.333
2C0K,-12.938,7.63,-13.402
2C0K,-9.48,7.988,-11.818
2C0K,-9.321,11.832,-12.088
2C0K,-12.903,12.503,-10.887
2C0K,-12.579,10.289,-7.781
2C0K,-9.251,11.931,-7.118
2C0K,-10.482,15.543,-7.307
2C0K,-13.72,14.653,-5.458
2C0K,-11.9,12.907,-2.633
2C0K,-8.903,15.25,-2.554
2C0K,-10.081,18.655,-3.843
2C0K,-6.934,20.507,-2.729
2C0K,-4.981,18.828,-5.591
2C0K,-7.131,20.892,-7.97
2C0K,-4.82,23.863,-7.216
2C0K,-2.115,22.189,-9.341
2C0K,-4.435,22.14,-12.321
2C0K,-5.726,25.799,-12.594
2C0K,-7.482,25.075,-15.934
2C0K,-9.599,22.31,-14.348
2C0K,-11.032,24.359,-11.427
2C0K,-12.224,27.0,-13.894
2C0K,-14.917,24.501,-14.927
2C0K,-17.988,23.267,-13.025
2C0K,-17.155,19.848,-11.506
2C0K,-19.912,17.805,-13.15
2C0K,-18.752,19.093,-16.56
2C0K,-15.168,17.821,-16.283
2C0K,-15.802,14.118,-17.291
2C0K,-16.89,15.388,-20.732
2C0K,-13.971,17.814,-21.316
2C0K,-11.328,17.1,-23.964
2C0K,-8.202,18.124,-22.052
2C0K,-9.519,16.193,-19.067
2C0K,-10.075,12.82,-20.855
2C0K,-6.77,13.208,-22.664
2C0K,-4.831,13.901,-19.456
2C0K,-6.335,10.922,-17.643
2C0K,-5.267,8.644,-20.496
2C0K,-1.676,10.048,-20.496
2C0K,-1.183,9.34,-16.711
2C0K,-2.241,5.689,-17.202
2C0K,-0.193,5.181,-20.417
2C0K,2.985,6.107,-18.542
2C0K,1.93,3.728,-15.734
2C0K,1.48,1.132,-18.588
2C0K,5.149,1.409,-19.552
2C0K,6.119,0.925,-15.888
2C0K,4.208,-2.365,-15.746
2C0K,5.881,-3.523,-19.019
2C0K,9.425,-2.965,-17.709
2C0K,8.568,-4.566,-14.34
2C0K,10.802,-7.518,-13.375
2C0K,11.54,-9.437,-10.169
2C0K,13.002,-7.192,-7.488
2C0K,12.609,-4.38,-10.052
2C0K,15.804,-5.778,-11.576
2C0K,15.511,-4.206,-15.079
2C0K,16.94,-0.619,-15.471
2C0K,14.21,0.112,-18.034
2C0K,11.904,0.485,-14.984
2C0K,14.073,3.321,-13.537
2C0K,13.849,4.938,-17.008
2C0K,10.089,5.444,-16.785
2C0K,10.199,7.209,-13.45
2C0K,13.286,9.225,-14.197
2C0K,11.162,10.543,-17.059
2C0K,8.474,11.563,-14.529
2C0K,11.206,13.24,-12.407
2C0K,12.097,15.611,-15.27
2C0K,8.483,16.333,-16.227
2C0K,7.165,17.039,-12.704
2C0K,10.136,18.634,-10.954
2C0K,9.109,22.155,-12.154
2C0K,6.032,22.119,-9.92
2C0K,6.552,21.639,-6.253
2C0K,4.007,18.84,-5.984
2C0K,4.748,17.238,-2.641
2C0K,4.982,13.514,-1.871
2C0K,1.582,13.375,-0.186
2C0K,-0.151,14.3,-3.433
2C0K,1.365,11.306,-5.265
2C0K,0.36,8.993,-2.398
2C0K,-3.252,10.16,-2.628
2C0K,-3.309,9.333,-6.379
2C0K,-1.875,5.87,-5.792
2C0K,-4.834,5.341,-3.399
2C0K,-7.222,6.169,-6.174
2C0K,-5.465,4.346,-9.087
2C0K,-5.333,1.279,-6.912
2C0K,-9.037,1.647,-6.107
2C0K,-10.135,2.016,-9.732
2C0K,-8.223,-1.171,-10.728
2C0K,-10.284,-2.947,-7.983
2C0K,-13.504,-1.856,-9.662
2C0K,-12.319,-3.341,-12.978
2C0K,-10.899,-6.584,-11.505
2C0K,-11.274,-8.075,-8.038
2C0K,-7.823,-8.001,-6.396
2C0K,-7.025,-10.014,-3.231
2C0K,-4.903,-8.808,-0.26
2C0K,-1.619,-10.027,-1.708
2C0K,-2.236,-8.245,-5.007
2C0K,-3.3,-5.023,-3.346
2C0K,-0.081,-5.273,-1.32
2C0K,2.06,-5.736,-4.446
2C0K,0.394,-2.77,-6.241
2C0K,1.435,-0.572,-3.325
2C0K,5.113,-1.727,-3.485
2C0K,5.069,-1.005,-7.215
2C0K,4.009,2.64,-6.793
2C0K,6.149,3.14,-3.678
2C0K,9.223,2.118,-5.703
2C0K,8.244,4.278,-8.724
2C0K,7.785,7.259,-6.364
2C0K,11.061,6.528,-4.529
2C0K,12.929,6.566,-7.842
2C0K,11.181,9.739,-9.103
2C0K,11.976,11.725,-5.953
2C0K,15.617,10.643,-5.638
2C0K,16.071,12.006,-9.123
2C0K,14.274,15.292,-8.385
2C0K,16.686,15.738,-5.459
2C0K,18.972,17.362,-8.11
2C0K,17.602,20.76,-9.269
2C0K,-9.643,7.177,5.817
2C0K,-13.317,6.337,6.54
2C0K,-14.537,5.287,9.99
2C0K,-14.978,1.65,9.046
2C0K,-11.336,1.732,8.018
2C0K,-10.441,3.226,11.427
2C0K,-12.306,0.41,13.222
2C0K,-10.476,-2.305,11.315
2C0K,-6.952,-0.993,12.053
2C0K,-7.783,-0.654,15.778
2C0K,-9.503,-4.078,15.938
2C0K,-6.755,-6.046,14.067
2C0K,-3.859,-4.169,15.702
2C0K,-4.959,-5.271,19.254
2C0K,-3.98,-8.8,18.216
2C0K,-0.391,-7.617,17.499
2C0K,-0.062,-5.428,20.631
2C0K,-0.808,-8.485,22.801
2C0K,2.714,-9.787,22.01
2C0K,4.878,-6.74,21.124
2C0K,8.195,-8.464,21.679
2C0K,7.398,-11.557,19.712
2C0K,5.961,-9.53,16.764
2C0K,8.92,-7.091,16.806
2C0K,11.598,-9.766,16.725
2C0K,9.792,-11.47,13.829
2C0K,9.713,-8.045,12.128
2C0K,13.443,-7.139,12.486
2C0K,14.295,-10.754,11.525
2C0K,12.432,-10.531,8.186
2C0K,13.398,-6.886,7.542
2C0K,17.131,-7.626,7.315
2C0K,16.618,-11.041,5.712
2C0K,14.626,-9.406,2.89
2C0K,16.388,-6.016,2.801
2C0K,19.966,-6.619,4.205
2C0K,21.374,-3.238,3.078
2C0K,19.412,-1.605,5.897
2C0K,21.778,-3.478,8.215
2C0K,24.102,-0.592,7.414
2C0K,22.19,1.806,9.712
2C0K,22.682,-0.704,12.527
2C0K,26.437,-1.491,12.68
2C0K,26.087,-3.013,16.179
2C0K,23.93,-5.716,14.561
2C0K,26.453,-6.331,11.783
2C0K,28.906,-7.959,14.189
2C0K,26.576,-10.485,15.862
2C0K,26.041,-13.411,13.451
2C0K,22.435,-13.269,12.163
2C0K,21.505,-16.701,13.535
2C0K,21.729,-15.802,17.22
2C0K,20.601,-12.223,16.551
2C0K,16.934,-13.002,17.498
2C0K,18.112,-13.72,21.067
2C0K,20.145,-10.501,21.527
2C0K,18.878,-8.293,24.416
2C0K,18.961,-5.115,22.382
2C0K,17.516,-6.65,19.215
2C0K,14.487,-7.695,21.378
2C0K,14.188,-4.286,22.987
2C0K,14.485,-2.285,19.727
2C0K,11.775,-4.268,17.945
2C0K,9.532,-3.538,20.907
2C0K,10.319,0.235,20.776
2C0K,9.304,0.527,17.055
2C0K,5.898,-1.151,17.391
2C0K,5.277,0.723,20.671
2C0K,5.437,4.042,18.73
2C0K,3.181,2.59,16.014
2C0K,0.845,1.656,18.927
2C0K,0.563,5.338,19.86
2C0K,-0.112,6.094,16.203
2C0K,-2.988,3.598,16.094
2C0K,-4.533,4.952,19.352
2C0K,-4.593,8.464,17.895
2C0K,-6.064,7.419,14.479
2C0K,-9.421,9.031,13.695
2C0K,-11.549,9.635,10.641
2C0K,-9.539,11.306,7.806
2C0K,-6.681,11.727,10.312
2C0K,-8.67,14.575,11.931
2C0K,-7.175,14.431,15.441
2C0K,-3.864,16.401,15.445
2C0K,-2.577,14.025,18.131
2C0K,-1.78,11.702,15.174
2C0K,0.597,14.406,13.804
2C0K,2.578,14.455,17.089
2C0K,3.608,10.785,17.131
2C0K,5.244,11.128,13.708
2C0K,6.769,14.597,14.426
2C0K,8.362,12.786,17.408
2C0K,9.742,10.331,14.82
2C0K,11.063,13.346,12.899
2C0K,13.219,14.842,15.685
2C0K,14.614,11.425,16.628
2C0K,15.505,10.172,13.094
2C0K,16.516,13.502,11.442
2C0K,20.256,13.284,12.32
2C0K,20.484,9.975,10.411
2C0K,20.511,10.114,6.648
2C0K,17.571,7.77,6.374
2C0K,16.243,7.124,2.895
2C0K,12.458,7.245,2.462
2C0K,12.875,3.997,0.545
2C0K,14.044,1.999,3.511
2C0K,11.066,3.298,5.514
2C0K,8.801,1.953,2.69
2C0K,10.588,-1.38,2.99
2C0K,9.847,-1.552,6.73
2C0K,6.164,-0.775,5.932
2C0K,6.135,-3.881,3.685
2C0K,7.315,-6.127,6.531
2C0K,5.206,-4.551,9.315
2C0K,2.075,-5.268,7.267
2C0K,3.231,-8.82,6.543
2C0K,3.823,-9.705,10.227
2C0K,0.422,-8.177,11.067
2C0K,-1.025,-10.374,8.378
2C0K,0.484,-13.492,9.92
2C0K,-1.103,-12.784,13.334
2C0K,-4.592,-12.043,12.057
2C0K,-5.847,-12.56,8.462
2C0K,-6.554,-9.275,6.695
2C0K,-8.651,-8.892,3.585
2C0K,-7.837,-6.598,0.641
2C0K,-9.597,-3.455,2.075
2C0K,-7.654,-3.764,5.347
2C0K,-4.259,-4.116,3.609
2C0K,-5.193,-1.001,1.639
2C0K,-6.023,0.853,4.867
2C0K,-2.731,-0.083,6.596
2C0K,-0.653,1.283,3.683
2C0K,-2.416,4.673,3.842
2C0K,-1.914,4.705,7.636
2C0K,1.837,4.367,7.184
2C0K,1.95,6.458,3.972
2C0K,0.544,9.46,5.842
2C0K,2.614,8.834,9.006
2C0K,5.677,9.121,6.751
2C0K,4.448,12.186,4.766
2C0K,4.023,14.025,8.079
2C0K,7.411,12.789,9.359
2C0K,9.365,13.909,6.252
2C0K,7.657,17.292,5.909
2C0K,8.761,17.87,9.469
2C0K,12.349,16.832,8.827
2C0K,12.345,19.36,5.919
2C0K,13.21,21.598,8.652
1HHO,35.657,46.671,2.0
1HHO,34.407,48.135,5.423
1HHO,33.493,51.699,5.198
1HHO,34.169,54.58,7.526
1HHO,30.827,53.67,9.089
1HHO,31.321,49.979,9.301
1HHO,34.536,50.643,11.025
1HHO,32.675,53.09,13.338
1HHO,29.898,50.516,14.307
1HHO,32.339,47.77,14.698
1HHO,34.523,50.168,16.818
1HHO,31.478,50.528,18.844
1HHO,29.599,47.438,19.348
1HHO,32.941,46.173,20.529
1HHO,33.273,49.171,22.797
1HHO,30.034,48.135,24.384
1HHO,30.958,44.388,24.753
1HHO,34.07,45.234,26.764
1HHO,35.337,42.789,29.341
1HHO,32.884,40.147,28.469
1HHO,34.358,39.695,25.053
1HHO,35.988,36.337,26.073
1HHO,32.816,35.187,27.822
1HHO,30.98,35.739,24.614
1HHO,33.552,34.193,22.64
1HHO,33.295,31.121,24.628
1HHO,29.567,31.106,24.208
1HHO,29.749,31.507,20.413
1HHO,32.004,28.502,20.296
1HHO,29.625,26.432,22.389
1HHO,26.708,27.357,20.11
1HHO,28.652,26.202,17.071
1HHO,29.749,22.947,18.487
1HHO,26.113,22.462,19.357
1HHO,24.466,23.739,16.15
1HHO,26.982,22.523,13.651
1HHO,28.322,19.31,15.114
1HHO,30.771,18.813,12.23
1HHO,32.969,21.537,13.609
1HHO,33.575,19.324,16.695
1HHO,36.201,17.472,14.564
1HHO,38.832,20.037,15.095
1HHO,38.622,19.875,18.74
1HHO,38.969,16.258,19.691
1HHO,41.273,17.243,22.645
1HHO,38.714,19.429,24.072
1HHO,36.07,18.731,26.486
1HHO,33.276,20.357,24.428
1HHO,30.892,20.188,27.272
1HHO,29.117,23.12,28.8
1HHO,31.337,24.345,31.56
1HHO,34.541,23.312,29.798
1HHO,37.5,25.288,30.775
1HHO,39.225,24.48,27.472
1HHO,36.419,26.094,25.498
1HHO,36.293,28.793,28.109
1HHO,39.825,29.577,27.564
1HHO,39.421,29.244,23.831
1HHO,36.652,31.832,23.701
1HHO,39.265,34.092,25.319
1HHO,41.637,33.474,22.419
1HHO,39.094,33.845,19.649
1HHO,37.831,37.043,21.359
1HHO,41.285,38.491,21.635
1HHO,42.004,37.777,17.985
1HHO,38.827,39.517,17.14
1HHO,39.888,42.612,19.18
1HHO,43.266,42.602,17.586
1HHO,41.314,42.629,14.272
1HHO,39.071,45.705,15.397
1HHO,42.214,47.534,16.468
1HHO,44.236,47.16,13.235
1HHO,41.071,46.686,11.113
1HHO,42.774,48.772,8.357
1HHO,45.547,46.107,8.516
1HHO,44.146,42.777,9.596
1HHO,46.207,40.949,6.891
1HHO,49.619,41.662,8.675
1HHO,48.047,41.396,12.074
1HHO,46.253,38.001,11.681
1HHO,49.299,36.974,9.754
1HHO,50.125,34.012,11.944
1HHO,46.545,32.803,12.642
1HHO,46.155,32.664,8.819
1HHO,49.038,30.269,8.721
1HHO,47.83,28.284,11.723
1HHO,44.295,27.859,10.517
1HHO,44.853,27.308,6.761
1HHO,48.294,25.665,6.704
1HHO,48.628,23.79,9.807
1HHO,45.001,23.143,10.728
1HHO,43.392,23.046,7.281
1HHO,40.093,24.465,8.517
1HHO,37.254,24.139,6.116
1HHO,36.436,27.642,5.127
1HHO,32.758,26.822,5.547
1HHO,33.602,26.653,9.236
1HHO,34.34,30.323,9.253
1HHO,30.786,31.034,8.144
1HHO,29.21,28.957,10.939
1HHO,31.304,30.508,13.705
1HHO,30.752,33.986,12.395
1HHO,27.128,33.399,12.607
1HHO,27.307,32.113,16.143
1HHO,29.283,35.231,17.038
1HHO,26.421,37.465,15.671
1HHO,23.656,35.387,17.442
1HHO,25.873,35.845,20.628
1HHO,26.342,39.718,20.138
1HHO,22.611,39.961,19.411
1HHO,21.64,37.806,22.328
1HHO,23.643,40.125,24.521
1HHO,23.397,43.65,23.147
1HHO,19.924,44.383,21.714
1HHO,20.146,48.167,21.978
1HHO,23.375,48.122,19.995
1HHO,22.606,45.298,17.577
1HHO,20.903,47.548,15.022
1HHO,20.199,46.215,11.474
1HHO,23.097,48.402,10.413
1HHO,25.449,47.21,13.032
1HHO,24.4,43.685,12.333
1HHO,25.467,44.413,8.769
1HHO,28.857,46.068,9.785
1HHO,29.55,43.145,12.034
1HHO,28.737,40.563,9.489
1HHO,31.021,42.351,6.963
1HHO,33.688,42.644,9.496
1HHO,33.484,38.996,10.385
1HHO,33.658,38.19,6.806
1HHO,36.911,40.069,6.461
1HHO,38.484,38.371,9.314
1HHO,37.428,34.976,7.854
1HHO,38.749,35.912,4.41
1HHO,42.048,36.775,5.942
1HHO,42.266,33.477,7.959
1HHO,41.516,31.411,4.778
1HHO,43.726,33.442,2.396
1HHO,46.581,31.084,2.322
1HHO,44.107,28.758,0.548
1HHO,43.682,31.705,-1.895
1HHO,13.549,16.878,11.15
1HHO,13.83,14.584,14.085
1HHO,13.58,17.012,16.871
1HHO,13.975,15.237,20.043
1HHO,11.229,15.772,22.645
1HHO,13.434,18.255,24.555
1HHO,14.43,20.103,21.317
1HHO,10.71,19.933,20.371
1HHO,9.922,21.317,23.824
1HHO,12.272,24.164,23.162
1HHO,11.257,25.202,19.64
1HHO,7.501,25.233,20.446
1HHO,7.845,27.023,23.758
1HHO,9.765,30.007,22.139
1HHO,7.48,30.266,19.077
1HHO,4.486,30.814,21.318
1HHO,6.181,33.921,22.632
1HHO,7.082,35.261,19.156
1HHO,5.409,38.474,17.97
1HHO,4.426,37.204,14.524
1HHO,3.311,40.581,13.236
1HHO,6.629,42.159,13.932
1HHO,9.265,39.318,13.934
1HHO,8.914,38.209,10.304
1HHO,9.548,41.7,9.118
1HHO,12.567,42.252,11.315
1HHO,14.026,39.237,9.67
1HHO,13.126,40.053,6.003
1HHO,14.374,43.485,6.623
1HHO,17.631,42.381,8.159
1HHO,18.183,40.232,5.145
1HHO,17.768,43.042,2.755
1HHO,20.083,45.148,4.708
1HHO,22.634,42.581,5.531
1HHO,22.601,40.892,2.154
1HHO,21.838,43.732,-0.303
1HHO,21.744,41.646,-3.398
1HHO,18.532,40.192,-2.162
1HHO,16.84,43.557,-2.542
1HHO,16.976,42.622,-6.356
1HHO,13.784,40.837,-5.467
1HHO,11.776,43.711,-3.892
1HHO,12.308,46.641,-6.292
1HHO,8.463,46.599,-6.398
1HHO,8.436,47.464,-2.695
1HHO,9.626,51.03,-2.485
1HHO,12.498,52.871,-1.035
1HHO,15.053,50.487,0.425
1HHO,18.058,52.714,-0.104
1HHO,18.695,53.191,3.517
1HHO,18.092,50.569,6.148
1HHO,15.852,52.932,8.045
1HHO,13.742,53.034,5.005
1HHO,13.881,49.231,4.997
1HHO,12.859,48.746,8.541
1HHO,9.787,51.025,8.477
1HHO,8.644,49.924,5.075
1HHO,5.131,48.572,5.345
1HHO,5.36,46.297,2.379
1HHO,8.514,44.86,4.004
1HHO,6.702,44.172,7.326
1HHO,3.657,43.129,5.212
1HHO,5.574,40.518,3.548
1HHO,7.583,39.289,6.497
1HHO,4.542,38.08,8.315
1HHO,3.631,36.022,5.29
1HHO,7.04,34.59,5.7
1HHO,6.675,33.763,9.368
1HHO,3.351,32.318,8.413
1HHO,4.974,29.586,6.307
1HHO,7.462,28.929,9.131
1HHO,4.624,28.357,11.616
1HHO,3.29,26.032,8.991
1HHO,6.528,24.183,8.708
1HHO,7.614,24.319,12.423
1HHO,4.649,22.167,13.34
1HHO,4.481,20.027,10.209
1HHO,8.006,18.813,10.457
1HHO,7.082,15.364,9.254
1HHO,6.72,16.377,5.7
1HHO,8.614,19.616,5.594
1HHO,8.601,18.84,1.834
1HHO,4.957,18.406,1.222
1HHO,4.158,21.572,3.058
1HHO,6.516,23.707,1.067
1HHO,6.132,22.496,-2.564
1HHO,4.003,25.246,-3.855
1HHO,6.334,27.817,-2.305
1HHO,9.41,26.071,-3.608
1HHO,7.802,26.213,-7.056
1HHO,7.181,29.917,-6.62
1HHO,10.657,30.747,-5.578
1HHO,12.46,28.201,-7.628
1HHO,11.095,28.171,-11.111
1HHO,9.243,31.467,-10.664
1HHO,11.364,33.961,-8.925
1HHO,14.649,31.947,-9.372
1HHO,15.912,32.638,-5.899
1HHO,19.088,30.771,-5.296
1HHO,18.606,28.467,-2.356
1HHO,21.451,29.946,-0.423
1HHO,19.386,32.956,0.411
1HHO,17.107,30.43,2.002
1HHO,19.911,29.625,4.447
1HHO,20.649,33.231,4.894
1HHO,16.993,34.133,5.902
1HHO,17.057,31.046,8.02
1HHO,20.117,32.335,9.85
1HHO,18.953,35.895,10.054
1HHO,15.829,34.427,11.543
1HHO,17.979,32.824,14.098
1HHO,19.63,36.103,14.731
1HHO,16.217,37.873,15.17
1HHO,15.051,35.305,17.679
1HHO,18.277,35.532,19.588
1HHO,17.921,39.341,19.738
1HHO,14.361,38.989,20.889
1HHO,14.655,36.369,23.532
1HHO,18.185,37.086,24.661
1HHO,19.451,34.664,27.229
1HHO,16.354,32.534,26.744
1HHO,17.877,31.669,23.476
1HHO,20.438,29.255,24.832
1HHO,22.824,27.373,22.632
1HHO,20.677,24.106,22.793
1HHO,17.674,26.027,21.682
1HHO,19.569,27.594,18.995
1HHO,20.808,24.133,17.988
1HHO,17.173,22.996,17.783
1HHO,16.176,25.942,15.623
1HHO,19.125,25.454,13.268
1HHO,17.911,22.142,12.33
1HHO,14.529,23.497,11.639
1HHO,15.574,26.498,9.565
1HHO,17.708,23.963,7.688
1HHO,14.841,21.764,7.088
1HHO,12.912,24.639,5.88
1HHO,15.712,25.934,3.502
1HHO,16.056,22.466,2.19
1HHO,12.301,22.088,1.582
1HHO,11.917,25.165,-0.462
1HHO,15.006,24.457,-2.479
1HHO,13.793,21.087,-3.459
1HHO,12.246,21.979,-6.803
1HHO,15.698,23.024,-8.198
1HHO,16.279,19.331,-8.81
