Protein,SVD1,SVD2,SVD3
Protein_1,10.681999332903898,-5.217002289580681,6.4032165618128625
Protein_1,6.098538729208007,0.7562867172492742,-9.011967514778101
Protein_1,10.141512140685887,-2.204502093129639,-2.2062606817544173
Protein_1,6.026076806806228,-4.4802192124891915,-3.145197940550126
Protein_1,-6.675489513643707,-8.310150056515248,-1.996609798774979
Protein_1,5.473324710489956,-8.657808448074292,6.225261450097765
Protein_1,-8.385638214125255,0.9979660672927105,8.817541014620117
Protein_1,-3.767631193798784,7.215485518788798,-7.104141999629522
Protein_1,-1.8807943480302136,9.519434460451519,4.6989509393549715
Protein_1,4.612328903708563,7.826370706076083,4.309781748912122
Protein_1,-3.305039054307069,-2.9731128234608986,9.737139558690858
Protein_1,5.260178952370856,11.290484257784678,-0.05002868718523465
Protein_1,2.240750415077841,-3.383114945981325,-12.034291983718987
Protein_1,-8.177533479145547,-3.517703431085153,-0.1906167700938506
Protein_1,-7.374752945102698,-1.6739470965709211,3.101541750885538
Protein_1,-6.7290924670754055,-6.946841638359406,-1.5735812039511388
Protein_1,-10.155212894704572,0.7347411200646448,-0.34799903102702645
Protein_1,7.970424182023153,-1.9743306422753522,2.9400759347135943
Protein_1,-10.940530050880742,2.685693900118122,-2.998054621115693
Protein_1,4.098717720246912,-9.801740620953227,-0.05641828376781056
Protein_1,0.9545404452574905,-4.509641961436013,-7.156191396812323
Protein_1,-11.981693553996626,-2.732199908691352,0.15555452899444602
Protein_1,-6.266511916749294,5.682517933750506,7.534839208195404
Protein_1,7.626260297802841,-3.6262686461715634,6.038555962316352
Protein_1,5.591305410132816,-1.7304697102113185,3.638462793714625
Protein_1,6.486208462843693,0.7294849280425305,-3.6097238254620603
Protein_1,-2.9132044227693683,-9.66587054698885,-2.0126893311131666
Protein_1,-9.823136935967161,3.9185682041194903,-3.585757469043243
Protein_1,4.840854891974062,6.376985842332565,6.675898226487425
Protein_1,-9.325115405020073,-0.19077667039807947,7.372757406218789
Protein_1,6.773248702295623,-3.32322900763399,-1.780905713749337
Protein_1,1.9696191087547972,-4.031810520582194,7.762566879169807
Protein_1,-1.6423611415387385,-0.4907370081340401,11.91524236244924
Protein_1,0.2101965548015702,12.853160315266173,-1.4461797972016086
Protein_1,-3.5779808640298283,5.582465136777135,-11.641223622665876
Protein_1,2.580659568637052,7.467359629020906,-0.5912154846092673
Protein_1,1.05314961600881,-5.823554588621556,1.2150034390508329
Protein_1,-4.237285582304425,-8.267825525397273,1.578310917858121
Protein_1,8.42828175736138,-2.368740308668667,-2.083769789596057
Protein_1,-6.537912533495136,-3.4144638876125266,-6.030751466517748
Protein_1,-13.980420286046051,-2.2488564995969647,-0.24278955175768183
Protein_1,5.745299673413924,-1.4930271763270273,2.7578712024406937
Protein_1,-0.7209265314747272,-9.473577966349069,4.863719778133543
Protein_1,6.890808838209741,5.485944264575859,-2.6077159894725983
Protein_1,3.9778915301310125,-5.459328847069237,5.053085850619295
Protein_1,6.912581496702235,5.114786942664272,4.735551331079237
Protein_1,-2.708879093340686,-3.3686067526802073,0.709929626998181
Protein_1,-0.8113018647856544,1.266993509663272,0.024482537744687834
Protein_1,-0.5203235492592913,10.283578958713115,8.087603700650305
Protein_1,-5.410055881364281,3.1470996966514977,9.036169147864427
Protein_2,-8.583067444341719,2.901310328895353,-3.0911913029232325
Protein_2,7.841197135958476,5.9527286569298,2.16071580821974
Protein_2,11.813164514676698,-2.351725718487827,-0.6893669013742754
Protein_2,-6.801332232520748,-2.3948793285775833,4.999612777618071
Protein_2,-10.077018598109529,5.527168165036114,-3.2359742540926204
Protein_2,10.255667758198301,4.3624757709714626,-0.22325811655968306
Protein_2,6.947932766248683,-0.7173468982634268,-10.133423392075228
Protein_2,-3.757485589268077,-3.9408392295473322,-4.877829572418462
Protein_2,10.475577439512346,4.199972633414407,-0.3243020997894431
Protein_2,-1.5143165892023074,11.2374498090505,-1.7851694115214924
Protein_2,1.8974604447743406,-2.8669221714813933,1.1889402374482239
Protein_2,-0.13038710014819302,-9.200640954171934,-5.7553241020783235
Protein_2,-6.6727519043545085,3.960150707631784,2.8242446865106707
Protein_2,3.4593168820922533,3.383950746453197,-2.7639267731911272
Protein_2,5.224686775167309,-9.975332141853832,3.9131277419876107
Protein_2,1.5040164879749578,1.1207078528885173,-9.605002939007136
Protein_2,6.178615246954211,-1.4327718957211835,-0.5830775340092481
Protein_2,2.138707280261618,-7.4207460599080655,4.513296316280172
Protein_2,2.365835974869792,-1.673149559893413,9.63387125515952
Protein_2,-7.555301756086094,-1.0089925021196549,3.3209166250064728
Protein_2,-1.716553115559839,-5.89224307644881,-4.813005018010884
Protein_2,7.509933497172608,-7.440270240521445,4.6960367984040134
Protein_2,8.418308802193721,-0.2376485374913643,-7.005070267604667
Protein_2,8.54535041268273,-5.57055544434379,-1.0837287366961217
Protein_2,1.5204039300349894,3.4091807357636665,-4.0742294353919055
Protein_2,7.4310158547255565,1.9207045563859317,3.118208962879036
Protein_2,-6.2490555755179,-9.690655774173564,-2.5905564062676336
Protein_2,4.069791734388856,-1.3280677507210337,-0.6095037338322333
Protein_2,-8.930103520674887,-6.231633957495341,-5.958999154959169
Protein_2,5.0732260726615594,-7.538149601128958,3.4454841732367676
Protein_2,1.1702664869852089,-10.201134620466092,0.5276734300913949
Protein_2,3.300218486855033,0.8131036606831511,7.66221360145391
Protein_2,-7.223849728181934,2.5900581686820487,-4.67022325032453
Protein_2,-7.847453589215253,7.663388894652945,-1.6144961724581828
Protein_2,7.718073274950567,1.7375120539642823,0.6716738839313942
Protein_2,-8.815662840799744,4.718938359722918,4.023366023861981
Protein_2,-1.1559217316049935,4.587632321921554,-6.129204330085219
Protein_2,6.138569991330749,5.647530413857048,-4.783278832677731
Protein_2,-4.107970960954007,1.443283634507073,2.843220009223032
Protein_2,8.263394674412144,1.7165785619605112,0.6550116123266321
Protein_2,-4.949536387662233,-0.2703905180362449,14.402382909672934
Protein_2,-14.818436088310852,2.7095662300091683,2.0551123272720093
Protein_2,-7.7963366011088535,-8.464158982944035,-6.494800237036156
Protein_2,-1.0142214401186842,4.272602472830019,-1.5377874034525345
Protein_2,5.421574428625584,11.069472651630953,2.8256556536932838
Protein_2,-3.798149594725033,-6.396500943322418,5.228246146041312
Protein_2,0.48192730129650707,-2.18847580796189,-6.82805399413359
Protein_2,-13.50542300770012,-0.1085565651626678,0.2831107538360863
Protein_2,-9.957180497567414,-6.167486704226446,-3.8430775575700706
Protein_2,-11.628470642414547,2.8059949840840845,2.618807230405035
Protein_3,9.882492383915949,-4.034909470485529,-5.427684712915986
Protein_3,-2.056442120948537,10.50940015752676,1.1706148466220925
Protein_3,1.2282166448009466,2.301428397928385,1.9849178570021824
Protein_3,-9.452110717914692,-1.0010544156927135,-2.298990041994868
Protein_3,-4.305792839476578,-9.311168582783562,1.387999582018834
Protein_3,-8.575889620913458,6.089645790113301,7.1156982796024835
Protein_3,-3.6894836237800326,-8.49060603894715,-2.998453441240223
Protein_3,9.399597575131246,-4.755650145206305,0.47331039729948615
Protein_3,-3.769297203146688,11.085763048354439,6.403678393795762
Protein_3,8.68545175655241,-3.703319640679557,-0.9760466626274646
Protein_3,1.8953038564705422,-3.8833001908677267,-0.9375546393224398
Protein_3,-0.5821000638822094,9.19079302910312,-8.689361718575773
Protein_3,-2.0505909050180993,6.610876591566222,-11.141095240201903
Protein_3,-5.031909009760994,0.4267866109725802,7.9438512762753035
Protein_3,-0.3737521185821313,7.369154205991168,8.695850927554826
Protein_3,-2.4134790659895367,-2.878785326072258,2.7390251831728807
Protein_3,8.67393514849437,4.295041164739539,3.4372525956075886
Protein_3,9.881773395870617,4.563275353000036,-1.2991172016221795
Protein_3,-2.2904036339388454,-1.290396268686811,-9.445919302367042
Protein_3,-5.658727147806605,-2.342073160326563,-9.332844221477762
Protein_3,-8.775810809350453,-2.1471692905046935,-4.1355449040422405
Protein_3,-11.24147714491765,-3.825750804656199,-1.9516499590039178
Protein_3,-0.24702913959275732,-11.820172127869466,1.7673064761521051
Protein_3,4.17627668069267,3.2032200764145666,-2.2536137557416454
Protein_3,-2.8999369600199616,-13.385690601164235,6.857695866534617
Protein_3,-4.935950652727413,-2.6382169378442426,2.3245112984807608
Protein_3,3.9653870003364737,4.164303368339182,4.1302655554016106
Protein_3,-11.541034564656377,-2.179535362730452,-4.252108779160941
Protein_3,6.204483710211248,2.869720303774898,2.0739940361836546
Protein_3,5.415350881397138,-7.628034446511762,-3.9538500801288743
Protein_3,2.2533169914828006,-9.98205648494973,-3.588854101881297
Protein_3,-4.020820613446374,5.687718447966149,4.573186659049548
Protein_3,4.473416175569141,4.747853638795705,-8.00078836057933
Protein_3,13.284863935964303,1.2859258791675872,-1.2058888767127778
Protein_3,12.679965585777815,-0.8537864551605929,-3.496452429954217
Protein_3,4.93945333140214,8.348147578418352,-6.578598085175114
Protein_3,0.11187679691011003,-9.814577100330663,6.798426373228648
Protein_3,-9.878397039476596,-1.0227842307414805,-1.0086883047195416
Protein_3,0.08093599314713125,6.496541998689526,0.43889846989142134
Protein_3,12.980547201910106,0.030712087614054633,-1.9914708933010952
Protein_3,11.061499252927144,1.746133379934642,6.309071017751879
Protein_3,-7.399711545857673,5.235042226469578,-3.987681106138215
Protein_3,3.5511296785317366,-2.6921504572242134,-5.977917055264307
Protein_3,5.386325536048067,2.5328731675501928,1.8913815196526167
Protein_3,-5.035506764734642,2.0690298800235616,-4.874231773598973
Protein_3,-2.7028147349283325,11.973963462740102,2.9867632986748354
Protein_3,-4.199008290821064,11.37087903051587,2.4968482407120822
Protein_3,0.1674490940501743,3.5117442988608305,-9.901309577903644
Protein_3,5.612481267891857,2.3870457259086173,0.6245465678706928
Protein_3,7.250349238074101,-2.103089769127553,6.682157420886793
Protein_4,-1.7167475226586901,4.477623631994488,-4.85774458252183
Protein_4,-0.6631037741872516,-3.976045673787453,-5.937144050083532
Protein_4,-1.3176751397725135,-3.4810331708679048,2.008153726690389
Protein_4,-2.2393107141076216,6.375122912591925,-7.8272057719475665
Protein_4,8.08154698701944,-6.997521993582175,-4.072795152646107
Protein_4,-4.15399214338437,-2.3237994866784,5.159768943056998
Protein_4,13.002865801543562,4.8361062792935625,4.916305806201424
Protein_4,4.929774859533148,9.724911658428665,3.4563985447457886
Protein_4,12.404843515354166,-2.9946507420426935,-4.781697402916792
Protein_4,8.659325538027561,-2.907223347916552,-0.9238613860641806
Protein_4,7.182605159477314,-5.288261654226156,-0.8738214508061483
Protein_4,-3.147240751140472,4.5594448823037235,3.720394226412818
Protein_4,2.022808282918009,12.044788172107848,-1.6847596902308921
Protein_4,3.7400349077211517,11.482685170931802,2.1927338376762835
Protein_4,-12.821379372645051,1.6411935173824794,3.165462823654223
Protein_4,-4.220862899651335,-7.505289691542109,5.008319586282604
Protein_4,1.7689017668629798,-1.8580654570719364,4.747142456101829
Protein_4,-1.6212286647841163,7.704609224406709,-5.700688019066916
Protein_4,10.224361196246246,-3.0798752986804026,-8.766380158354782
Protein_4,-11.485680885358798,2.806717002101453,2.0311139834478475
Protein_4,8.674704580011303,-3.8445696914642027,2.964558300141235
Protein_4,-8.915584052866793,-0.7503029543224612,-6.791337059574417
Protein_4,13.100074045394134,2.1027634569177165,0.2382585451957661
Protein_4,-1.682850706896822,5.678356205504991,-8.882660999672094
Protein_4,3.6799547180656504,-1.184978747787519,-9.147142021276789
Protein_4,-8.251376036695284,-1.9093086542752338,-10.329308485267026
Protein_4,5.669700022679592,-0.04626000796122211,9.655943608744249
Protein_4,-4.013984643588632,-7.862672366039562,-4.0687795370945965
Protein_4,-12.880440902591666,-0.1482676243787151,0.9571561860108507
Protein_4,4.486257165147002,7.489905517647531,-0.7586113359518051
Protein_4,2.060155276466813,5.145211172240996,-3.976296822865779
Protein_4,3.098969085728615,0.49757082079222165,-14.054730310879586
Protein_4,7.075966601097881,4.970764844911078,-4.97291218741604
Protein_4,-1.1306681688366877,4.200229689746625,0.7399726679401889
Protein_4,2.0728603208632617,1.812590696018536,-5.59654655301766
Protein_4,-0.2678219157033636,12.203743740317591,-4.6372784541981416
Protein_4,11.732098383281105,5.3193594640788175,6.1292711944433975
Protein_4,0.3575008476458215,0.3965069154372778,9.97652856138545
Protein_4,-7.292419073159288,8.963627131477665,1.9850760418736821
Protein_4,-10.51148410627605,4.626026034602011,5.701640384954452
Protein_4,6.74475602451359,9.467829505559667,0.546130644894032
Protein_4,-0.5706859150030799,0.3119708142092487,-4.218675966340217
Protein_4,0.13747353620009595,-0.5775313350895572,9.455433186425514
Protein_4,7.084457135741822,1.0129204623201837,3.0019508021453425
Protein_4,1.8117541337191667,-4.6268555080195535,-6.6629578086754435
Protein_4,0.44379581103648774,-2.5493945868310663,3.197527861045885
Protein_4,-6.352170186254238,-5.667096180036726,1.1395722640578247
Protein_4,8.888286395647263,2.3794343904689796,6.433080363258273
Protein_4,-6.806714132303738,9.039902789956532,0.09139994623478362
Protein_4,-3.653630808494385,13.957429845778991,-0.6205343156985661
Protein_5,1.1420534598455085,-10.53620362659414,-0.4522077201205911
Protein_5,-9.042593772089754,-2.4741255163901217,-3.551719446541388
Protein_5,-6.404894727901052,-3.2722598964618435,1.9220682284528439
Protein_5,-11.728531952963317,-2.2109036953086862,1.6664185979942956
Protein_5,-9.433563933330012,-6.198692760404848,-2.8767464449609723
Protein_5,10.272087367787686,-5.968353049287284,3.313802812207372
Protein_5,-3.4163386364258614,-7.159415253807057,-1.7005186403967432
Protein_5,4.450203340764683,-3.93613201346183,4.240173952526783
Protein_5,-4.916289345424783,2.184073058734456,-1.9135869165634956
Protein_5,3.8402031796324776,3.638819746707008,1.301164606127432
Protein_5,0.5715222856148338,-8.598103116861461,6.783065930094744
Protein_5,-0.3035559757881644,11.099969108278827,3.3007145832421756
Protein_5,-0.1548791819704351,3.3104238864855575,-0.5991662294185951
Protein_5,-2.9118383910180357,-9.597842629143443,0.31863827960139907
Protein_5,5.337001645107635,-0.35537657432551206,-9.989079851235527
Protein_5,13.723762913284732,0.8848574961134462,-1.9312210970605617
Protein_5,2.8619975793606054,-9.873988777871046,6.396327526766075
Protein_5,7.767821595317797,-8.081293000111474,5.178991012448051
Protein_5,0.604394357681145,-0.041690603706871616,-11.527956520121828
Protein_5,7.866627837968299,0.38384741976444814,-1.55419696797121
Protein_5,6.342756535160539,-9.194573189045412,5.879704417132009
Protein_5,-11.302551269297085,1.6246736359731937,2.6491434150436852
Protein_5,-3.5404539299031663,-7.672111551633792,-8.998141950809153
Protein_5,3.102283556344023,0.0674350287290118,3.7367224597214213
Protein_5,3.1109533296076366,0.37332446619967474,-1.09830045975786
Protein_5,-0.9745779318142102,4.9154272927137095,11.026179891943084
Protein_5,-1.8701400687601184,-5.9431925173129825,-8.59381169519318
Protein_5,7.710778134594145,1.9572751344592334,0.5061880432418586
Protein_5,-13.418471698883407,0.22054862772665879,5.43437714068691
Protein_5,-10.82967287278482,1.792064385923837,1.6464479508920613
Protein_5,-5.779889383206987,7.59413670599066,-3.5256270043003393
Protein_5,10.798223741715189,2.045064995079929,-2.1722728457165634
Protein_5,5.660839374463007,-4.5521880579545275,-1.2365545953024528
Protein_5,-0.962961828162033,2.8410490474514853,1.7328228358190765
Protein_5,-10.05846201263268,0.6028309925615195,6.473522774008477
Protein_5,4.394861261565941,-0.032512861681359966,6.323862006389887
Protein_5,-1.9193558080239776,1.504209368308208,-1.0758971935431083
Protein_5,4.134304268163878,-6.8330499071636135,4.712037298644816
Protein_5,-5.754630183777835,0.5935837570594423,4.285296315826983
Protein_5,-0.0016589890677138803,-6.1401560174619405,-3.6818293667074835
Protein_5,-3.616690497075359,-9.251992618431132,2.538812428464531
Protein_5,-3.92791438576011,-3.5124759596988664,-1.703091295735797
Protein_5,0.6464994510812215,-4.019390221680003,6.424855716521309
Protein_5,0.7944072862917693,-6.087672185472861,-0.8695334488385907
Protein_5,-3.962401613674879,-10.754036101204393,-3.8087662611926802
Protein_5,8.602934982261454,6.965918957597656,2.6886351420263623
Protein_5,1.2735609553682408,-1.6535459200400675,-4.73402196100494
Protein_5,1.6306860716734846,3.6642313029253057,-0.3793788554146948
Protein_5,12.067747683642803,-0.9422588726389479,-0.8963816094648055
Protein_5,1.9638802071591919,-0.3220746615789464,1.535162303040476
Protein_6,-2.1094247856346606,7.592638429108368,-9.421107389092384
Protein_6,-1.3987507427848045,-9.864820457913101,7.168924177453706
Protein_6,-6.164624758288993,1.8376264067645285,-1.0649605776905333
Protein_6,8.238694582305323,1.4189500391117817,2.9911673609743072
Protein_6,-0.09946011579329021,1.6067506592053171,-9.30257113327169
Protein_6,-8.604454797569904,4.0415573915728595,2.200336642591622
Protein_6,-8.943879235165308,9.292791026401467,-0.8957741955098067
Protein_6,-1.0427731835051346,7.966818967634336,2.9403747020529143
Protein_6,-3.8594424267626333,-3.2894552436582933,6.2444528290462955
Protein_6,-10.216942554074294,-7.240320874248787,-3.4328845940686787
Protein_6,8.42949156129215,10.007635563487947,1.3105878525837151
Protein_6,1.4583116653080626,7.591516440385896,-1.1113844998991083
Protein_6,3.6756775615272215,-5.831618694028548,-5.862925740226126
Protein_6,-4.1476074117124515,6.862321485096797,5.6352986596598456
Protein_6,4.080313097936896,9.869506977632597,-5.625761132516272
Protein_6,0.056771818070893744,-0.24246487238872788,1.8591803497323427
Protein_6,-8.702567923810713,1.6001843418844228,0.36707433889875596
Protein_6,-9.620106038175729,-2.7478054627294783,1.1100135897162238
Protein_6,7.827071467350906,-8.915256167944156,-0.938532298323983
Protein_6,3.065973597084214,-6.507302826488167,8.944769423229523
Protein_6,2.7217225940576273,8.290329259134912,-5.2549044587337885
Protein_6,-7.6768739637160754,-10.369205715402739,-0.8578054359497116
Protein_6,6.960158366945349,-1.680635332182972,-4.860133411335262
Protein_6,-0.10707320133943157,-1.0314033975157875,-3.2594983094597056
Protein_6,-11.14526451399772,0.8792518696626143,-1.0131267804678477
Protein_6,-1.219526475608298,11.100692816293071,-6.489561403960429
Protein_6,6.816490719457364,-2.253769378029085,-2.424731632135339
Protein_6,-0.20604629576478894,-4.6807795390655595,4.15672782154712
Protein_6,-10.247061639850696,5.070032516638924,-0.8227674394277739
Protein_6,-6.087530406685906,-0.6244092562259002,-1.5343369581947175
Protein_6,-6.50011251661498,-5.243851791943507,-2.135945395178844
Protein_6,2.1819643590804025,-1.7701517850980097,2.3578361665302703
Protein_6,-4.276259402498105,-3.6597345737845854,-11.697268492158889
Protein_6,-4.137645380567352,-3.808268536567345,-9.082016899933251
Protein_6,8.655880684859717,0.5621619989678445,-1.1369423940456715
Protein_6,-10.07585566123108,-2.5290758942622955,1.6662229890750806
Protein_6,1.1708153795648628,6.821290290374152,5.749109907969046
Protein_6,-2.806400221248238,-1.0900973899615323,-5.46456404098147
Protein_6,-5.836507349288772,3.2223427742188093,-4.785998809430811
Protein_6,-9.641428455647684,1.052605969205242,4.397906149509395
Protein_6,8.006909319867177,-8.166952262575062,-5.643423841383512
Protein_6,4.425669858938359,1.299242673928535,6.55785240254405
Protein_6,5.241481943410665,-7.3487369017097555,1.9024202047934236
Protein_6,-3.2008770705753675,8.497778609727458,3.4312955295184877
Protein_6,8.779354835575703,-4.675376819102181,-7.391014480277497
Protein_6,-9.208278479281132,-2.5136771574778805,1.4173350060600454
Protein_6,-8.426918415631098,-9.388115871490225,1.1957901679936678
Protein_6,5.176064307074694,7.560521794871639,8.906752629112082
Protein_6,-10.072364814559474,0.8015199625097374,-2.8709631196770413
Protein_6,-11.786018879570229,1.077396600229151,1.921420876261787
Protein_7,-8.478004628306309,-1.1476187448154673,-2.153264824698415
Protein_7,-4.403075510508858,-7.574691938469487,-4.9500289906294075
Protein_7,3.0231144111976325,-10.525609163559292,4.295886997516018
Protein_7,4.6654761456222245,0.7343014910542707,-8.409444542386668
Protein_7,4.374729379028928,-4.824994006176044,0.5310387954174054
Protein_7,6.9174299132834784,4.361520437953644,3.2171783266777063
Protein_7,6.632555178636723,3.3465936860225614,0.2212491651295785
Protein_7,4.37886826562449,-8.169583749789497,7.413709563363461
Protein_7,-6.681672773355259,-2.812598990611687,6.341019470363932
Protein_7,-1.5476908562534477,-0.8693663060675401,-5.034595860400981
Protein_7,-3.602140228310803,2.607935897186307,9.175891101985012
Protein_7,5.73499676506314,-8.45711704974151,-4.060658897190946
Protein_7,8.92530561751639,-3.630504662506885,4.258854928111778
Protein_7,-8.71602507018387,2.8011598829220077,3.0364714805729576
Protein_7,4.107352869649397,-2.1685972167241383,3.77822676709178
Protein_7,6.5612747974284575,-6.080342010232045,1.5091854353732663
Protein_7,-7.673420207609213,0.8388493948343303,-4.1614866451685275
Protein_7,6.0072491173515274,5.860622715438052,5.321716630007846
Protein_7,9.815812725017148,0.34360499878667033,-1.4638998299977195
Protein_7,-11.7135803145989,-1.233666229099145,0.43530218912175417
Protein_7,7.212401767976829,4.75522729094451,-2.4457593442641894
Protein_7,-3.7170848834763057,3.753053402442184,-8.057053954578988
Protein_7,11.304586904459208,3.128446270550335,-4.285847310740669
Protein_7,11.267846313698263,-1.1291079077847876,5.3840475322613
Protein_7,6.8822412077246495,-7.840606556418059,7.7628370607476445
Protein_7,-5.447340550043732,-8.656347129892517,3.07923308621857
Protein_7,3.619966754629947,-7.179341931345262,-3.578104717485926
Protein_7,6.431113519460333,-4.7922489923113005,8.021329513449423
Protein_7,-1.6334546057271855,4.070606953082,0.9918146640470062
Protein_7,2.94397483946488,-7.007229225533024,-3.5643611601845455
Protein_7,-11.619273291108637,-1.88205542331604,3.1954310054607014
Protein_7,5.105655733086398,5.704842445255472,-4.3957800531343905
Protein_7,0.7440156450789122,9.146935677709424,10.035051691342805
Protein_7,-5.990831503851369,2.5481311373811537,9.363328300167492
Protein_7,-10.739401733703659,-0.0823305507414189,-4.49352305510711
Protein_7,0.8911695968979356,-5.825555416319611,-1.1942139547724695
Protein_7,-7.914778401003954,-5.516187746265889,-4.915401089301554
Protein_7,8.24563372078254,4.2561332739020115,2.1117020375121305
Protein_7,-11.33907976792335,-2.907995191117837,4.76501243748099
Protein_7,-2.420958290659752,4.541363981937838,-5.498587266380628
Protein_7,-1.8502635585007516,-2.8767596564804387,-6.72346400773514
Protein_7,5.425135226515145,-1.2861600798844672,-4.365601005639121
Protein_7,-1.3678389953348205,3.4162316213500388,5.43479797859295
Protein_7,5.615702632964293,4.542159194283314,-0.9594901764348168
Protein_7,3.443901038374213,-9.456064349310552,0.7215346946997635
Protein_7,-3.1134291905002107,-11.041623634838416,6.0109009723715205
Protein_7,-8.539976660867525,-1.4699057879228148,-8.708243153601893
Protein_7,-3.6443516389974655,10.00873628779859,9.684420166209485
Protein_7,10.088172711594082,4.276187662016088,-8.4696662835952
Protein_7,-7.037008121944943,6.3453853614898765,2.6175690463117367
Protein_8,-3.6695494941567306,5.254328812100544,-10.51923305868197
Protein_8,10.665118188978038,3.4766834138326397,2.820810873722188
Protein_8,5.696211539215013,10.731205325351896,2.005297330822218
Protein_8,6.564442744771538,8.228710074456144,3.3277734485025765
Protein_8,5.538546476059229,12.319783182523242,4.508188264114115
Protein_8,0.6895367632859404,-4.178004301132653,-7.685545347368314
Protein_8,-7.686963180714092,4.103724010173769,1.884769511846593
Protein_8,9.393793884913233,0.009293645963300498,-0.5508416985078186
Protein_8,8.173490895806715,1.1772630604944314,-1.626890056858478
Protein_8,-11.958163217363122,-0.0288700977152138,0.25104166195292726
Protein_8,7.161464121343994,9.313155902629061,-0.4418598812386808
Protein_8,-11.138299132361562,7.353765538609768,-1.031201430154693
Protein_8,-7.0086567184875594,3.500557592574017,-2.9661554610832788
Protein_8,4.568600605287022,-1.0301853939595187,-2.244299209482007
Protein_8,-3.8023590502688323,-1.5436654272139945,5.926358324048279
Protein_8,4.833817166706948,5.465252439164661,-3.5142707681044234
Protein_8,1.4293392544641763,-6.640411899042926,-9.593503917269238
Protein_8,6.3063830132552665,-5.5505678826198555,6.864829497732725
Protein_8,-9.790171274489095,-4.745737792622786,3.0860500821464907
Protein_8,-6.768364173413544,-6.325406791953488,-2.308712652279326
Protein_8,7.321530059744199,-1.7482426537978726,5.084661981060118
Protein_8,14.029447431013974,-2.06751504709483,1.7173493343493296
Protein_8,8.34817986535569,-6.7612627672367225,5.279125339995196
Protein_8,2.0705551400047804,-8.054740778948979,9.230925067022893
Protein_8,1.7847148665258807,10.39701923267136,-0.8301060817585567
Protein_8,1.5394648322760378,-1.0700335301803456,0.49586838286862683
Protein_8,-0.07053276514020984,-3.9372863960181057,-9.455278074071154
Protein_8,-7.957802642785435,2.40272391454501,2.9912482916217553
Protein_8,3.76049174253655,-5.694144580490223,-4.350319513104969
Protein_8,-4.1857742981050645,7.494403252151874,-5.573841603190626
Protein_8,8.568723211568265,7.359583424276384,-3.304868891816979
Protein_8,-0.6997005035288774,-8.168730134610827,3.1975249453173484
Protein_8,-2.5655504586025066,-3.5471422441072016,-7.79725849578002
Protein_8,1.7026014418597601,6.509588824929228,-10.871842892569203
Protein_8,-5.921204700917185,8.918703940692032,6.414327703564779
Protein_8,1.873001047837703,-2.15731970817383,-11.85733623838185
Protein_8,6.585908034675426,4.274406765681539,2.63800225349367
Protein_8,-5.28988770083847,-7.086358983258527,6.392378834837014
Protein_8,-5.461256484626612,9.066400185922756,0.686051064651284
Protein_8,5.494899832279589,-4.38321658381884,-0.37874187856530495
Protein_8,-4.77592461633412,9.555835343956161,9.017894274343373
Protein_8,-1.1917592910326607,2.2225089402368057,-3.8162049623465224
Protein_8,-0.7414386778120315,2.7621998406396706,4.317420595466837
Protein_8,2.5973242896468562,0.7636396553939757,-0.5582667345768246
Protein_8,-8.62151345360795,-7.067874682362294,2.9967656014036335
Protein_8,11.666621832395164,-3.72777731724346,2.0993720207490254
Protein_8,12.087273628637917,-3.1465780397920105,-0.5564741670171207
Protein_8,10.513250935366848,-4.525108609882171,-2.510916775043913
Protein_8,6.807285619285607,7.565297079221463,1.3369996601915897
Protein_8,-0.7047978274120329,-1.5492828849715392,10.713750307922167
Protein_9,2.1320809529092046,-7.4450414715891275,-9.468046340648435
Protein_9,-3.3538181434043643,11.801817352463436,4.015603310532675
Protein_9,14.217965731075191,5.294938799774061,0.18037389274153845
Protein_9,4.721141011330108,2.917320452528618,6.206596645041109
Protein_9,-5.193160152586505,1.9399828525972669,-0.7585879368096794
Protein_9,-6.621981174171092,-2.7228865724029307,5.913836851691474
Protein_9,-1.088808642873724,-2.54535100400769,7.744806231975198
Protein_9,-4.150684597613347,3.014626397266649,3.361346014614348
Protein_9,8.804047975884068,2.3990934462138402,4.848410135503894
Protein_9,-8.939112966309317,-7.082118251706398,3.3350611835700597
Protein_9,9.466703229075776,-1.8299333883762718,-1.0390330076389114
Protein_9,-9.037758566823237,4.079176258401222,-0.6270357342687736
Protein_9,3.584670846214806,6.292484402765594,2.846997855572103
Protein_9,-6.242317436365803,-3.4947157077202444,4.9657574556237325
Protein_9,4.950947022422081,-4.824963798198625,7.970457137020707
Protein_9,4.421996717619269,5.43616309074579,7.9654508260885635
Protein_9,3.5125900956633163,7.822380954924337,1.065925798396689
Protein_9,-4.472923831101171,-1.8773816503948495,3.3338944997494164
Protein_9,4.248024206614075,-5.514415655315161,-5.92537165489326
Protein_9,10.505032064409532,0.9486612438928783,-1.9966843700225743
Protein_9,-1.2599599948273066,-9.80227295175532,-4.942571250170171
Protein_9,3.4072485244171062,4.918855029418324,-10.542245821758835
Protein_9,-8.364645469760925,4.25138370294789,-0.6369560303005853
Protein_9,6.566486954517547,-11.022003091893156,5.516464004822687
Protein_9,-6.508916055867956,4.648633043680218,5.415975663020179
Protein_9,6.019578075219243,-4.393808018311371,5.020773330048201
Protein_9,8.4008305219748,-0.6605343976249995,0.46949028641279483
Protein_9,-8.409824166328661,7.0400959608884595,-5.330074875977921
Protein_9,-1.5440141609151377,-8.661897305341949,8.802291677306672
Protein_9,0.6279342482297389,1.687612341618729,-0.21814853979488893
Protein_9,-4.725011854125035,-6.816086110747335,-0.38892952489784455
Protein_9,-3.859670073022433,6.892975997048783,-1.5415019757881152
Protein_9,5.327242029016728,3.6781547023954793,-4.683284303713294
Protein_9,0.9820774631945548,11.238412976655164,12.463405963972436
Protein_9,-6.26799027643577,0.013465922669012467,8.492993387161224
Protein_9,-1.6358680866886681,3.502702276295311,1.064775562863908
Protein_9,6.838661877219461,-9.579697901605075,4.314669171773181
Protein_9,-0.8951491878053442,1.4394211529545087,4.396779677870183
Protein_9,8.718398801937308,-12.476195076226169,4.047410122058287
Protein_9,13.91764975058809,2.01673008916114,0.9709626023998438
Protein_9,2.4571142288663204,-8.720054917212558,-0.1157812258714339
Protein_9,2.897322669145405,-6.096224769707396,6.289816911024369
Protein_9,-8.124327318998592,-2.505632700229496,3.6264487473161258
Protein_9,-7.8223375173885525,-4.61629075940437,0.22845012681957513
Protein_9,-8.76285103608725,-2.7422405011555013,-1.6277272308368274
Protein_9,3.6813052286675774,-3.401451107227252,4.408536912726008
Protein_9,8.469665831486449,5.298945616323421,2.88090541348182
Protein_9,9.433533680325775,7.207035174843923,3.9596505976255454
Protein_9,-11.68801790530368,-4.3995873374024255,4.176740010020917
Protein_9,3.9313213724667375,-4.891041560081114,-8.229098107064347
Protein_10,-8.974303098468358,0.8416876238416664,4.121398151126039
Protein_10,-6.930315828192661,1.0039815645393368,-1.7845600204853143
Protein_10,-9.290603784351756,-0.5799524223560143,-7.427063005772679
Protein_10,1.2333079904901263,-5.130710791534599,4.098758741802485
Protein_10,5.757556472848064,5.755519429540435,5.722143059647909
Protein_10,-6.742695110836143,-9.135031131558481,1.1871743819994607
Protein_10,0.5451338714460324,-9.343323416673075,6.195111382581093
Protein_10,4.638788898435767,-5.3333954719052095,-1.524487690029912
Protein_10,5.344150815615142,5.1585454391111645,-0.04678078262584375
Protein_10,4.118699641832646,-6.914900263908023,1.7260452942679425
Protein_10,-8.13015971557697,1.7357117985005301,6.166269724472209
Protein_10,-4.484396743657514,3.674555005204781,-8.322589559078992
Protein_10,-2.4760379579971508,7.63182851845259,4.978599787523719
Protein_10,-9.49893810803332,1.1348710495864682,-1.9596827341457295
Protein_10,-4.890903785169062,-9.784911307559424,-1.4918066030245651
Protein_10,13.539737756187144,5.210902579961917,1.309084031978106
Protein_10,-12.613631682612347,-4.274080563557991,-4.149762343564422
Protein_10,-9.547028349823659,2.4136506394469066,5.526155934255688
Protein_10,-0.009305451348623818,-3.022570120417613,-9.370291836787102
Protein_10,7.850376822788916,-6.989809245955514,-4.925767954222399
Protein_10,-7.990092715723822,-2.5213254860582404,5.831172510883381
Protein_10,1.708952565999709,-1.5281086645967348,-7.630124118066019
Protein_10,-13.299032899020862,-3.742103669376671,-0.8600530925628255
Protein_10,-5.063759281223315,5.156814675258722,-0.9644116571147763
Protein_10,11.48210562737846,-0.4831228041697774,0.4186360288655292
Protein_10,2.94801269335954,-10.026632138402926,6.5975179197923115
Protein_10,-9.489426802276201,0.6518094917560291,-6.8311015203697325
Protein_10,5.583418865916174,-8.834645499000485,-0.18233709047206487
Protein_10,1.7618858791048422,-5.0771992382882045,-4.718350811212171
Protein_10,5.51172770512426,-3.4257590278669365,4.140812650887483
Protein_10,0.5216018245395364,-2.1064676853719475,-9.044557867084839
Protein_10,3.6987982080813335,6.551487574108334,2.4363813612460303
Protein_10,-5.0096440974315755,-3.924834338515809,6.962742578904795
Protein_10,8.17649662001705,7.737028687924977,2.35166696270133
Protein_10,-6.298549749300797,5.317658975718156,2.475048804841889
Protein_10,-5.1406318493376375,8.14893509801708,-3.8594177761185695
Protein_10,-5.132286010432361,1.6428380224133783,4.465887442634983
Protein_10,5.6884462409970045,-2.5228487595423252,-6.9151408265188925
Protein_10,-8.718544652704587,1.450206406460179,7.120454381451067
Protein_10,3.602069567213183,-0.646291070258959,0.7389361238391275
Protein_10,11.880367403405394,1.166393811895336,1.1154840750161912
Protein_10,-1.7011763401594544,9.180638073615626,-7.614235892116893
Protein_10,7.733024855220542,4.845960989324434,-1.4178378436716035
Protein_10,1.5747028279242203,7.1057373728328885,4.6168727440892114
Protein_10,6.939120134886398,-4.228241378035614,-1.7578124963637818
Protein_10,-9.515547731257351,-1.6631578277409378,1.721942617083358
Protein_10,3.0629798806112767,-3.3490781127906426,-1.365841829733485
Protein_10,8.184552913575976,-1.1043758678197544,-1.8201944513325716
Protein_10,6.8805337762892815,-3.5120544009414627,5.537708290890581
Protein_10,-1.296788305340146,-9.029092110746893,0.36473967322940715
