9.882492383915948864e+00,-4.034909470485528615e+00,-5.427684712915985976e+00
-2.056442120948537067e+00,1.050940015752676082e+01,1.170614846622092475e+00
1.228216644800946611e+00,2.301428397928384939e+00,1.984917857002182373e+00
-9.452110717914692373e+00,-1.001054415692713695e+00,-2.298990041994867894e+00
-4.305792839476578315e+00,-9.311168582783562186e+00,1.387999582018833999e+00
-8.575889620913457634e+00,6.089645790113300983e+00,7.115698279602484355e+00
-3.689483623780032584e+00,-8.490606038947149159e+00,-2.998453441240223061e+00
9.399597575131245719e+00,-4.755650145206304913e+00,4.733103972994860964e-01
-3.769297203146687814e+00,1.108576304835444049e+01,6.403678393795762425e+00
8.685451756552410529e+00,-3.703319640679556990e+00,-9.760466626274646451e-01
1.895303856470542447e+00,-3.883300190867727153e+00,-9.375546393224397645e-01
-5.821000638822093620e-01,9.190793029103119238e+00,-8.689361718575772997e+00
-2.050590905018099708e+00,6.610876591566221983e+00,-1.114109524020190456e+01
-5.031909009760994422e+00,4.267866109725801937e-01,7.943851276275302631e+00
-3.737521185821313097e-01,7.369154205991168105e+00,8.695850927554825915e+00
-2.413479065989536654e+00,-2.878785326072257789e+00,2.739025183172880684e+00
8.673935148494370750e+00,4.295041164739538786e+00,3.437252595607589001e+00
9.881773395870615317e+00,4.563275353000036283e+00,-1.299117201622179696e+00
-2.290403633938845385e+00,-1.290396268686810899e+00,-9.445919302367041581e+00
-5.658727147806605018e+00,-2.342073160326563208e+00,-9.332844221477762048e+00
-8.775810809350453212e+00,-2.147169290504693073e+00,-4.135544904042240510e+00
-1.124147714491764916e+01,-3.825750804656199211e+00,-1.951649959003917578e+00
-2.470291395927572964e-01,-1.182017212786946558e+01,1.767306476152105121e+00
4.176276680692669885e+00,3.203220076414566186e+00,-2.253613755741645353e+00
-2.899936960019961596e+00,-1.338569060116423515e+01,6.857695866534617046e+00
-4.935950652727412624e+00,-2.638216937844242604e+00,2.324511298480760768e+00
3.965387000336473733e+00,4.164303368339181688e+00,4.130265555401610555e+00
-1.154103456465637656e+01,-2.179535362730451897e+00,-4.252108779160940877e+00
6.204483710211247782e+00,2.869720303774898174e+00,2.073994036183654188e+00
5.415350881397137606e+00,-7.628034446511762212e+00,-3.953850080128873401e+00
2.253316991482800624e+00,-9.982056484949730191e+00,-3.588854101881297165e+00
-4.020820613446374203e+00,5.687718447966148894e+00,4.573186659049548020e+00
4.473416175569140840e+00,4.747853638795705322e+00,-8.000788360579329961e+00
1.328486393596430482e+01,1.285925879167587160e+00,-1.205888876712777780e+00
1.267996558577781663e+01,-8.537864551605929275e-01,-3.496452429954216790e+00
4.939453331402139824e+00,8.348147578418352310e+00,-6.578598085175113575e+00
1.118767969101100018e-01,-9.814577100330664550e+00,6.798426373228648067e+00
-9.878397039476595864e+00,-1.022784230741480505e+00,-1.008688304719541629e+00
8.093599314713119386e-02,6.496541998689526309e+00,4.388984698914212834e-01
1.298054720191010603e+01,3.071208761405460133e-02,-1.991470893301095169e+00
1.106149925292714364e+01,1.746133379934641905e+00,6.309071017751879396e+00
-7.399711545857672768e+00,5.235042226469578175e+00,-3.987681106138214915e+00
3.551129678531737000e+00,-2.692150457224212978e+00,-5.977917055264306612e+00
5.386325536048066631e+00,2.532873167550192761e+00,1.891381519652616694e+00
-5.035506764734641649e+00,2.069029880023561585e+00,-4.874231773598973305e+00
-2.702814734928332463e+00,1.197396346274010170e+01,2.986763298674835809e+00
-4.199008290821064193e+00,1.137087903051586935e+01,2.496848240712082223e+00
1.674490940501743019e-01,3.511744298860830504e+00,-9.901309577903644410e+00
5.612481267891856973e+00,2.387045725908617300e+00,6.245465678706928481e-01
7.250349238074100811e+00,-2.103089769127552966e+00,6.682157420886793098e+00
