1.068199933290389758e+01,-5.217002289580681129e+00,6.403216561812863361e+00
6.098538729208007325e+00,7.562867172492742096e-01,-9.011967514778099542e+00
1.014151214068588835e+01,-2.204502093129638851e+00,-2.206260681754417252e+00
6.026076806806227815e+00,-4.480219212489192415e+00,-3.145197940550125804e+00
-6.675489513643706907e+00,-8.310150056515247741e+00,-1.996609798774978906e+00
5.473324710489955613e+00,-8.657808448074291618e+00,6.225261450097764993e+00
-8.385638214125254564e+00,9.979660672927104237e-01,8.817541014620116968e+00
-3.767631193798783862e+00,7.215485518788797847e+00,-7.104141999629521642e+00
-1.880794348030213614e+00,9.519434460451520863e+00,4.698950939354972434e+00
4.612328903708562855e+00,7.826370706076082762e+00,4.309781748912121735e+00
-3.305039054307068902e+00,-2.973112823460898557e+00,9.737139558690858010e+00
5.260178952370855754e+00,1.129048425778467823e+01,-5.002868718523460073e-02
2.240750415077840785e+00,-3.383114945981324784e+00,-1.203429198371898856e+01
-8.177533479145546735e+00,-3.517703431085152932e+00,-1.906167700938506127e-01
-7.374752945102698298e+00,-1.673947096570921111e+00,3.101541750885537851e+00
-6.729092467075405537e+00,-6.946841638359406268e+00,-1.573581203951138763e+00
-1.015521289470457234e+01,7.347411200646447593e-01,-3.479990310270263953e-01
7.970424182023153392e+00,-1.974330642275351932e+00,2.940075934713594297e+00
-1.094053005088074215e+01,2.685693900118121924e+00,-2.998054621115692875e+00
4.098717720246911611e+00,-9.801740620953227179e+00,-5.641828376781050230e-02
9.545404452574903775e-01,-4.509641961436012814e+00,-7.156191396812323191e+00
-1.198169355399662628e+01,-2.732199908691351986e+00,1.555545289944459952e-01
-6.266511916749293754e+00,5.682517933750506067e+00,7.534839208195403870e+00
7.626260297802841315e+00,-3.626268646171563415e+00,6.038555962316351611e+00
5.591305410132815901e+00,-1.730469710211318457e+00,3.638462793714625221e+00
6.486208462843692679e+00,7.294849280425305116e-01,-3.609723825462059832e+00
-2.913204422769368307e+00,-9.665870546988850620e+00,-2.012689331113166613e+00
-9.823136935967159644e+00,3.918568204119489806e+00,-3.585757469043242995e+00
4.840854891974061935e+00,6.376985842332564935e+00,6.675898226487425369e+00
-9.325115405020072856e+00,-1.907766703980794121e-01,7.372757406218789278e+00
6.773248702295623147e+00,-3.323229007633989873e+00,-1.780905713749336927e+00
1.969619108754796732e+00,-4.031810520582194357e+00,7.762566879169806811e+00
-1.642361141538738467e+00,-4.907370081340400869e-01,1.191524236244923962e+01
2.101965548015702068e-01,1.285316031526617131e+01,-1.446179797201608608e+00
-3.577980864029828290e+00,5.582465136777135406e+00,-1.164122362266587629e+01
2.580659568637051926e+00,7.467359629020905665e+00,-5.912154846092673166e-01
1.053149616008810074e+00,-5.823554588621555617e+00,1.215003439050832856e+00
-4.237285582304425091e+00,-8.267825525397272557e+00,1.578310917858120943e+00
8.428281757361380855e+00,-2.368740308668666916e+00,-2.083769789596057187e+00
-6.537912533495135570e+00,-3.414463887612526616e+00,-6.030751466517748405e+00
-1.398042028604605136e+01,-2.248856499596964653e+00,-2.427895517576817985e-01
5.745299673413923891e+00,-1.493027176327027306e+00,2.757871202440693725e+00
-7.209265314747271836e-01,-9.473577966349067125e+00,4.863719778133543059e+00
6.890808838209741438e+00,5.485944264575858931e+00,-2.607715989472598306e+00
3.977891530131012932e+00,-5.459328847069237156e+00,5.053085850619295272e+00
6.912581496702235206e+00,5.114786942664271585e+00,4.735551331079236981e+00
-2.708879093340685884e+00,-3.368606752680207705e+00,7.099296269981809626e-01
-8.113018647856543586e-01,1.266993509663272066e+00,2.448253774468779967e-02
-5.203235492592912514e-01,1.028357895871311634e+01,8.087603700650305427e+00
-5.410055881364280950e+00,3.147099696651497691e+00,9.036169147864427487e+00
