-2.109424785634660626e+00,7.592638429108368392e+00,-9.421107389092384210e+00
-1.398750742784804491e+00,-9.864820457913099361e+00,7.168924177453705582e+00
-6.164624758288993256e+00,1.837626406764528486e+00,-1.064960577690533094e+00
8.238694582305322811e+00,1.418950039111781525e+00,2.991167360974307243e+00
-9.946011579329019914e-02,1.606750659205317122e+00,-9.302571133271689163e+00
-8.604454797569903945e+00,4.041557391572860425e+00,2.200336642591622205e+00
-8.943879235165308472e+00,9.292791026401468812e+00,-8.957741955098067477e-01
-1.042773183505134593e+00,7.966818967634336168e+00,2.940374702052914291e+00
-3.859442426762632827e+00,-3.289455243658293337e+00,6.244452829046296394e+00
-1.021694255407429353e+01,-7.240320874248786787e+00,-3.432884594068678741e+00
8.429491561292149271e+00,1.000763556348794836e+01,1.310587852583715129e+00
1.458311665308062555e+00,7.591516440385896125e+00,-1.111384499899108480e+00
3.675677561527221471e+00,-5.831618694028548155e+00,-5.862925740226126337e+00
-4.147607411712452397e+00,6.862321485096797069e+00,5.635298659659845555e+00
4.080313097936896227e+00,9.869506977632596545e+00,-5.625761132516272411e+00
5.677181807089370230e-02,-2.424648723887277979e-01,1.859180349732342696e+00
-8.702567923810713424e+00,1.600184341884422823e+00,3.670743388987559030e-01
-9.620106038175727292e+00,-2.747805462729478343e+00,1.110013589716223770e+00
7.827071467350905642e+00,-8.915256167944155763e+00,-9.385322983239829941e-01
3.065973597084214131e+00,-6.507302826488166936e+00,8.944769423229523397e+00
2.721722594057627731e+00,8.290329259134912476e+00,-5.254904458733788530e+00
-7.676873963716075444e+00,-1.036920571540274061e+01,-8.578054359497115922e-01
6.960158366945348618e+00,-1.680635332182971897e+00,-4.860133411335262110e+00
-1.070732013394315035e-01,-1.031403397515787690e+00,-3.259498309459705645e+00
-1.114526451399772000e+01,8.792518696626142605e-01,-1.013126780467847654e+00
-1.219526475608297966e+00,1.110069281629307270e+01,-6.489561403960428798e+00
6.816490719457363845e+00,-2.253769378029085058e+00,-2.424731632135339154e+00
-2.060462957647888893e-01,-4.680779539065560435e+00,4.156727821547120172e+00
-1.024706163985069551e+01,5.070032516638923958e+00,-8.227674394277738612e-01
-6.087530406685906392e+00,-6.244092562259001555e-01,-1.534336958194717493e+00
-6.500112516614979796e+00,-5.243851791943506591e+00,-2.135945395178843853e+00
2.181964359080402538e+00,-1.770151785098009523e+00,2.357836166530270283e+00
-4.276259402498104656e+00,-3.659734573784585443e+00,-1.169726849215888720e+01
-4.137645380567351872e+00,-3.808268536567345208e+00,-9.082016899933252674e+00
8.655880684859717178e+00,5.621619989678444673e-01,-1.136942394045671545e+00
-1.007585566123107945e+01,-2.529075894262295510e+00,1.666222989075080596e+00
1.170815379564862813e+00,6.821290290374151688e+00,5.749109907969046418e+00
-2.806400221248237958e+00,-1.090097389961532492e+00,-5.464564040981469972e+00
-5.836507349288772240e+00,3.222342774218809325e+00,-4.785998809430810574e+00
-9.641428455647684359e+00,1.052605969205242076e+00,4.397906149509394957e+00
8.006909319867176578e+00,-8.166952262575062349e+00,-5.643423841383511608e+00
4.425669858938358736e+00,1.299242673928534986e+00,6.557852402544050108e+00
5.241481943410665423e+00,-7.348736901709755465e+00,1.902420204793423997e+00
-3.200877070575367522e+00,8.497778609727458132e+00,3.431295529518488152e+00
8.779354835575702509e+00,-4.675376819102180725e+00,-7.391014480277497078e+00
-9.208278479281132078e+00,-2.513677157477880453e+00,1.417335006060045366e+00
-8.426918415631098114e+00,-9.388115871490224862e+00,1.195790167993667774e+00
5.176064307074693893e+00,7.560521794871639223e+00,8.906752629112082431e+00
-1.007236481455947441e+01,8.015199625097374492e-01,-2.870963119677041320e+00
-1.178601887957022853e+01,1.077396600229151069e+00,1.921420876261787036e+00
