-1.716747522658689906e+00,4.477623631994488207e+00,-4.857744582521830168e+00
-6.631037741872516378e-01,-3.976045673787452994e+00,-5.937144050083531965e+00
-1.317675139772513493e+00,-3.481033170867904758e+00,2.008153726690388829e+00
-2.239310714107621614e+00,6.375122912591924873e+00,-7.827205771947566504e+00
8.081546987019439854e+00,-6.997521993582174638e+00,-4.072795152646106587e+00
-4.153992143384369840e+00,-2.323799486678399973e+00,5.159768943056998403e+00
1.300286580154356209e+01,4.836106279293562515e+00,4.916305806201424211e+00
4.929774859533147868e+00,9.724911658428663230e+00,3.456398544745789003e+00
1.240484351535416607e+01,-2.994650742042693103e+00,-4.781697402916791795e+00
8.659325538027561109e+00,-2.907223347916552125e+00,-9.238613860641805564e-01
7.182605159477313705e+00,-5.288261654226156239e+00,-8.738214508061482588e-01
-3.147240751140472081e+00,4.559444882303724356e+00,3.720394226412818028e+00
2.022808282918008960e+00,1.204478817210784847e+01,-1.684759690230891893e+00
3.740034907721152102e+00,1.148268517093180208e+01,2.192733837676283493e+00
-1.282137937264505112e+01,1.641193517382479428e+00,3.165462823654222824e+00
-4.220862899651335098e+00,-7.505289691542109232e+00,5.008319586282603986e+00
1.768901766862979841e+00,-1.858065457071936377e+00,4.747142456101829389e+00
-1.621228664784116313e+00,7.704609224406708812e+00,-5.700688019066915579e+00
1.022436119624624595e+01,-3.079875298680402551e+00,-8.766380158354781571e+00
-1.148568088535879816e+01,2.806717002101453140e+00,2.031113983447847549e+00
8.674704580011303179e+00,-3.844569691464202243e+00,2.964558300141234781e+00
-8.915584052866792675e+00,-7.503029543224611908e-01,-6.791337059574416912e+00
1.310007404539413400e+01,2.102763456917716489e+00,2.382585451957661138e-01
-1.682850706896821924e+00,5.678356205504990761e+00,-8.882660999672093993e+00
3.679954718065649555e+00,-1.184978747787519104e+00,-9.147142021276788881e+00
-8.251376036695283744e+00,-1.909308654275233552e+00,-1.032930848526702583e+01
5.669700022679592166e+00,-4.626000796122210074e-02,9.655943608744248507e+00
-4.013984643588631940e+00,-7.862672366039562100e+00,-4.068779537094596499e+00
-1.288044090259166552e+01,-1.482676243787151016e-01,9.571561860108508402e-01
4.486257165147002013e+00,7.489905517647531319e+00,-7.586113359518050769e-01
2.060155276466812957e+00,5.145211172240996333e+00,-3.976296822865779124e+00
3.098969085728615180e+00,4.975708207922215909e-01,-1.405473031087958624e+01
7.075966601097881004e+00,4.970764844911077951e+00,-4.972912187416040020e+00
-1.130668168836687526e+00,4.200229689746625361e+00,7.399726679401888996e-01
2.072860320863261663e+00,1.812590696018536063e+00,-5.596546553017660131e+00
-2.678219157033636111e-01,1.220374374031759146e+01,-4.637278454198141553e+00
1.173209838328110344e+01,5.319359464078817545e+00,6.129271194443397519e+00
3.575008476458215179e-01,3.965069154372777849e-01,9.976528561385450189e+00
-7.292419073159288168e+00,8.963627131477664989e+00,1.985076041873681918e+00
-1.051148410627605045e+01,4.626026034602010562e+00,5.701640384954451690e+00
6.744756024513590020e+00,9.467829505559668846e+00,5.461306448940319580e-01
-5.706859150030798578e-01,3.119708142092487146e-01,-4.218675966340216910e+00
1.374735362000958916e-01,-5.775313350895572295e-01,9.455433186425514336e+00
7.084457135741821787e+00,1.012920462320183512e+00,3.001950802145342490e+00
1.811754133719166715e+00,-4.626855508019553476e+00,-6.662957808675444404e+00
4.437958110364876863e-01,-2.549394586831066345e+00,3.197527861045884823e+00
-6.352170186254237905e+00,-5.667096180036725883e+00,1.139572264057824746e+00
8.888286395647263305e+00,2.379434390468980087e+00,6.433080363258272705e+00
-6.806714132303738118e+00,9.039902789956531848e+00,9.139994623478360503e-02
-3.653630808494384929e+00,1.395742984577899115e+01,-6.205343156985660968e-01
