-8.974303098468357831e+00,8.416876238416663991e-01,4.121398151126038911e+00
-6.930315828192661343e+00,1.003981564539336846e+00,-1.784560020485314480e+00
-9.290603784351755934e+00,-5.799524223560142966e-01,-7.427063005772678750e+00
1.233307990490126294e+00,-5.130710791534599302e+00,4.098758741802485339e+00
5.757556472848063933e+00,5.755519429540434828e+00,5.722143059647908814e+00
-6.742695110836143257e+00,-9.135031131558479345e+00,1.187174381999460904e+00
5.451338714460324253e-01,-9.343323416673076309e+00,6.195111382581092840e+00
4.638788898435766583e+00,-5.333395471905209462e+00,-1.524487690029912024e+00
5.344150815615141603e+00,5.158545439111164477e+00,-4.678078262584370317e-02
4.118699641832646030e+00,-6.914900263908022815e+00,1.726045294267942509e+00
-8.130159715576969148e+00,1.735711798500529923e+00,6.166269724472209113e+00
-4.484396743657513618e+00,3.674555005204780844e+00,-8.322589559078991783e+00
-2.476037957997150762e+00,7.631828518452589805e+00,4.978599787523719122e+00
-9.498938108033319949e+00,1.134871049586468228e+00,-1.959682734145729244e+00
-4.890903785169061990e+00,-9.784911307559424287e+00,-1.491806603024565137e+00
1.353973775618714370e+01,5.210902579961916636e+00,1.309084031978106077e+00
-1.261363168261234868e+01,-4.274080563557991042e+00,-4.149762343564422196e+00
-9.547028349823660776e+00,2.413650639446906609e+00,5.526155934255688074e+00
-9.305451348623799274e-03,-3.022570120417613193e+00,-9.370291836787101758e+00
7.850376822788915909e+00,-6.989809245955513894e+00,-4.925767954222399325e+00
-7.990092715723822181e+00,-2.521325486058240362e+00,5.831172510883381399e+00
1.708952565999708906e+00,-1.528108664596734778e+00,-7.630124118066018646e+00
-1.329903289902086172e+01,-3.742103669376671160e+00,-8.600530925628254719e-01
-5.063759281223314979e+00,5.156814675258721614e+00,-9.644116571147763883e-01
1.148210562737845919e+01,-4.831228041697773756e-01,4.186360288655291972e-01
2.948012693359539860e+00,-1.002663213840292578e+01,6.597517919792312391e+00
-9.489426802276199169e+00,6.518094917560290913e-01,-6.831101520369732505e+00
5.583418865916174312e+00,-8.834645499000485458e+00,-1.823370904720648111e-01
1.761885879104842179e+00,-5.077199238288204519e+00,-4.718350811212171259e+00
5.511727705124259913e+00,-3.425759027866936535e+00,4.140812650887482960e+00
5.216018245395364072e-01,-2.106467685371947507e+00,-9.044557867084840552e+00
3.698798208081333527e+00,6.551487574108334044e+00,2.436381361246030330e+00
-5.009644097431576348e+00,-3.924834338515808874e+00,6.962742578904794755e+00
8.176496620017049466e+00,7.737028687924977000e+00,2.351666962701330021e+00
-6.298549749300796918e+00,5.317658975718155823e+00,2.475048804841888828e+00
-5.140631849337637505e+00,8.148935098017080492e+00,-3.859417776118569510e+00
-5.132286010432361323e+00,1.642838022413378507e+00,4.465887442634983273e+00
5.688446240997004466e+00,-2.522848759542324792e+00,-6.915140826518892503e+00
-8.718544652704586895e+00,1.450206406460178954e+00,7.120454381451066794e+00
3.602069567213182832e+00,-6.462910702589590439e-01,7.389361238391275455e-01
1.188036740340539410e+01,1.166393811895336086e+00,1.115484075016191179e+00
-1.701176340159454403e+00,9.180638073615625672e+00,-7.614235892116893112e+00
7.733024855220541838e+00,4.845960989324433754e+00,-1.417837843671603704e+00
1.574702827924220339e+00,7.105737372832888532e+00,4.616872744089211444e+00
6.939120134886398006e+00,-4.228241378035614062e+00,-1.757812496363781785e+00
-9.515547731257351316e+00,-1.663157827740937789e+00,1.721942617083358051e+00
3.062979880611276684e+00,-3.349078112790642603e+00,-1.365841829733484891e+00
8.184552913575975808e+00,-1.104375867819754387e+00,-1.820194451332572072e+00
6.880533776289281533e+00,-3.512054400941462706e+00,5.537708290890581253e+00
-1.296788305340146108e+00,-9.029092110746892885e+00,3.647396732294070909e-01
