-8.478004628306308632e+00,-1.147618744815467107e+00,-2.153264824698414959e+00
-4.403075510508857704e+00,-7.574691938469486630e+00,-4.950028990629408376e+00
3.023114411197632467e+00,-1.052560916355929166e+01,4.295886997516017658e+00
4.665476145622224458e+00,7.343014910542706719e-01,-8.409444542386667720e+00
4.374729379028927667e+00,-4.824994006176043904e+00,5.310387954174053959e-01
6.917429913283478449e+00,4.361520437953643636e+00,3.217178326677706313e+00
6.632555178636723170e+00,3.346593686022561354e+00,2.212491651295785122e-01
4.378868265624490164e+00,-8.169583749789497418e+00,7.413709563363460653e+00
-6.681672773355258776e+00,-2.812598990611686833e+00,6.341019470363931987e+00
-1.547690856253447711e+00,-8.693663060675400622e-01,-5.034595860400981060e+00
-3.602140228310803050e+00,2.607935897186306917e+00,9.175891101985012455e+00
5.734996765063139712e+00,-8.457117049741510684e+00,-4.060658897190945638e+00
8.925305617516389844e+00,-3.630504662506885083e+00,4.258854928111778015e+00
-8.716025070183869516e+00,2.801159882922008126e+00,3.036471480572957571e+00
4.107352869649396609e+00,-2.168597216724138299e+00,3.778226767091779958e+00
6.561274797428457539e+00,-6.080342010232045347e+00,1.509185435373266326e+00
-7.673420207609212618e+00,8.388493948343302975e-01,-4.161486645168528398e+00
6.007249117351528334e+00,5.860622715438052133e+00,5.321716630007846227e+00
9.815812725017147855e+00,3.436049987866702793e-01,-1.463899829997719504e+00
-1.171358031459890015e+01,-1.233666229099144918e+00,4.353021891217541128e-01
7.212401767976828637e+00,4.755227290944509910e+00,-2.445759344264189394e+00
-3.717084883476305723e+00,3.753053402442183994e+00,-8.057053954578988098e+00
1.130458690445920844e+01,3.128446270550334862e+00,-4.285847310740669158e+00
1.126784631369826428e+01,-1.129107907784787646e+00,5.384047532261299729e+00
6.882241207724649534e+00,-7.840606556418059370e+00,7.762837060747644458e+00
-5.447340550043731966e+00,-8.656347129892516534e+00,3.079233086218569948e+00
3.619966754629947214e+00,-7.179341931345262218e+00,-3.578104717485925956e+00
6.431113519460333272e+00,-4.792248992311300526e+00,8.021329513449423132e+00
-1.633454605727185704e+00,4.070606953081999713e+00,9.918146640470062447e-01
2.943974839464880144e+00,-7.007229225533023964e+00,-3.564361160184545074e+00
-1.161927329110863560e+01,-1.882055423316040033e+00,3.195431005460701357e+00
5.105655733086398307e+00,5.704842445255471794e+00,-4.395780053134391352e+00
7.440156450789121578e-01,9.146935677709423729e+00,1.003505169134280450e+01
-5.990831503851368645e+00,2.548131137381153710e+00,9.363328300167491847e+00
-1.073940173370366047e+01,-8.233055074141890084e-02,-4.493523055107109698e+00
8.911695968979356230e-01,-5.825555416319611268e+00,-1.194213954772469499e+00
-7.914778401003953689e+00,-5.516187746265888592e+00,-4.915401089301553839e+00
8.245633720782539200e+00,4.256133273902012348e+00,2.111702037512130481e+00
-1.133907976792334971e+01,-2.907995191117837219e+00,4.765012437480989682e+00
-2.420958290659751988e+00,4.541363981937838190e+00,-5.498587266380628336e+00
-1.850263558500752081e+00,-2.876759656480438743e+00,-6.723464007735140413e+00
5.425135226515145348e+00,-1.286160079884467233e+00,-4.365601005639121013e+00
-1.367838995334820451e+00,3.416231621350038772e+00,5.434797978592950329e+00
5.615702632964293173e+00,4.542159194283313717e+00,-9.594901764348168216e-01
3.443901038374213019e+00,-9.456064349310551620e+00,7.215346946997635014e-01
-3.113429190500210719e+00,-1.104162363483841602e+01,6.010900972371520545e+00
-8.539976660867525382e+00,-1.469905787922814788e+00,-8.708243153601893383e+00
-3.644351638997465503e+00,1.000873628779858926e+01,9.684420166209484648e+00
1.008817271159408158e+01,4.276187662016088353e+00,-8.469666283595200795e+00
-7.037008121944943184e+00,6.345385361489876530e+00,2.617569046311736702e+00
