2.132080952909204630e+00,-7.445041471589126658e+00,-9.468046340648436754e+00
-3.353818143404364349e+00,1.180181735246343599e+01,4.015603310532674719e+00
1.421796573107519279e+01,5.294938799774061344e+00,1.803738927415383941e-01
4.721141011330107773e+00,2.917320452528617825e+00,6.206596645041108751e+00
-5.193160152586504985e+00,1.939982852597266882e+00,-7.585879368096793973e-01
-6.621981174171091666e+00,-2.722886572402930749e+00,5.913836851691473662e+00
-1.088808642873724031e+00,-2.545351004007689877e+00,7.744806231975197797e+00
-4.150684597613347293e+00,3.014626397266649160e+00,3.361346014614348121e+00
8.804047975884067512e+00,2.399093446213839798e+00,4.848410135503893770e+00
-8.939112966309316732e+00,-7.082118251706398304e+00,3.335061183570060095e+00
9.466703229075775994e+00,-1.829933388376272063e+00,-1.039033007638911377e+00
-9.037758566823235640e+00,4.079176258401221666e+00,-6.270357342687735702e-01
3.584670846214805806e+00,6.292484402765594176e+00,2.846997855572102942e+00
-6.242317436365802941e+00,-3.494715707720244424e+00,4.965757455623732497e+00
4.950947022422081290e+00,-4.824963798198624865e+00,7.970457137020707350e+00
4.421996717619268935e+00,5.436163090745790072e+00,7.965450826088563474e+00
3.512590095663316259e+00,7.822380954924336827e+00,1.065925798396688995e+00
-4.472923831101170755e+00,-1.877381650394849277e+00,3.333894499749416429e+00
4.248024206614075204e+00,-5.514415655315160869e+00,-5.925371654893259787e+00
1.050503206440953186e+01,9.486612438928784252e-01,-1.996684370022574484e+00
-1.259959994827306584e+00,-9.802272951755320207e+00,-4.942571250170170849e+00
3.407248524417106239e+00,4.918855029418324420e+00,-1.054224582175883640e+01
-8.364645469760924712e+00,4.251383702947889809e+00,-6.369560303005853408e-01
6.566486954517547048e+00,-1.102200309189315597e+01,5.516464004822687173e+00
-6.508916055867955741e+00,4.648633043680217902e+00,5.415975663020178743e+00
6.019578075219243374e+00,-4.393808018311371022e+00,5.020773330048201366e+00
8.400830521974800291e+00,-6.605343976249995475e-01,4.694902864127947772e-01
-8.409824166328661477e+00,7.040095960888460347e+00,-5.330074875977921067e+00
-1.544014160915137657e+00,-8.661897305341948794e+00,8.802291677306671502e+00
6.279342482297388672e-01,1.687612341618728973e+00,-2.181485397948889071e-01
-4.725011854125034994e+00,-6.816086110747335169e+00,-3.889295248978444919e-01
-3.859670073022432923e+00,6.892975997048782943e+00,-1.541501975788115208e+00
5.327242029016727720e+00,3.678154702395479259e+00,-4.683284303713294072e+00
9.820774631945548006e-01,1.123841297665516414e+01,1.246340596397243594e+01
-6.267990276435769559e+00,1.346592266901239926e-02,8.492993387161224206e+00
-1.635868086688667900e+00,3.502702276295310835e+00,1.064775562863907954e+00
6.838661877219460727e+00,-9.579697901605076282e+00,4.314669171773180878e+00
-8.951491878053442486e-01,1.439421152954508898e+00,4.396779677870182645e+00
8.718398801937308207e+00,-1.247619507622616730e+01,4.047410122058287207e+00
1.391764975058809028e+01,2.016730089161140160e+00,9.709626023998437772e-01
2.457114228866320360e+00,-8.720054917212557655e+00,-1.157812258714338988e-01
2.897322669145404817e+00,-6.096224769707395907e+00,6.289816911024368906e+00
-8.124327318998592062e+00,-2.505632700229496024e+00,3.626448747316125765e+00
-7.822337517388551653e+00,-4.616290759404369837e+00,2.284501268195751056e-01
-8.762851036087250023e+00,-2.742240501155501331e+00,-1.627727230836827355e+00
3.681305228667577811e+00,-3.401451107227252191e+00,4.408536912726008339e+00
8.469665831486448582e+00,5.298945616323421426e+00,2.880905413481820165e+00
9.433533680325776771e+00,7.207035174843922753e+00,3.959650597625545387e+00
-1.168801790530367946e+01,-4.399587337402425469e+00,4.176740010020917104e+00
3.931321372466737518e+00,-4.891041560081114348e+00,-8.229098107064347190e+00
