-3.669549494156730596e+00,5.254328812100544255e+00,-1.051923305868196934e+01
1.066511818897803821e+01,3.476683413832640124e+00,2.820810873722188195e+00
5.696211539215012998e+00,1.073120532535189575e+01,2.005297330822218171e+00
6.564442744771538329e+00,8.228710074456143886e+00,3.327773448502576503e+00
5.538546476059228674e+00,1.231978318252324200e+01,4.508188264114115107e+00
6.895367632859403795e-01,-4.178004301132652643e+00,-7.685545347368313962e+00
-7.686963180714092125e+00,4.103724010173769088e+00,1.884769511846593026e+00
9.393793884913231196e+00,9.293645963300399201e-03,-5.508416985078186112e-01
8.173490895806715173e+00,1.177263060494431413e+00,-1.626890056858478095e+00
-1.195816321736312204e+01,-2.887009771521379872e-02,2.510416619529272086e-01
7.161464121343994016e+00,9.313155902629059568e+00,-4.418598812386808072e-01
-1.113829913236156166e+01,7.353765538609767560e+00,-1.031201430154693011e+00
-7.008656718487560333e+00,3.500557592574017107e+00,-2.966155461083278766e+00
4.568600605287022276e+00,-1.030185393959518692e+00,-2.244299209482007118e+00
-3.802359050268831808e+00,-1.543665427213994468e+00,5.926358324048279336e+00
4.833817166706947610e+00,5.465252439164660636e+00,-3.514270768104423404e+00
1.429339254464176312e+00,-6.640411899042925725e+00,-9.593503917269238457e+00
6.306383013255266512e+00,-5.550567882619856341e+00,6.864829497732724661e+00
-9.790171274489095410e+00,-4.745737792622786166e+00,3.086050082146490681e+00
-6.768364173413544016e+00,-6.325406791953487762e+00,-2.308712652279325983e+00
7.321530059744199015e+00,-1.748242653797872581e+00,5.084661981060118130e+00
1.402944743101397407e+01,-2.067515047094830027e+00,1.717349334349329570e+00
8.348179865355689344e+00,-6.761262767236722482e+00,5.279125339995196065e+00
2.070555140004780359e+00,-8.054740778948978885e+00,9.230925067022891284e+00
1.784714866525880739e+00,1.039701923267135975e+01,-8.301060817585567131e-01
1.539464832276037809e+00,-1.070033530180345638e+00,4.958683828686267780e-01
-7.053276514020979937e-02,-3.937286396018105705e+00,-9.455278074071154393e+00
-7.957802642785434699e+00,2.402723914545009887e+00,2.991248291621755762e+00
3.760491742536550053e+00,-5.694144580490222651e+00,-4.350319513104969005e+00
-4.185774298105064517e+00,7.494403252151873751e+00,-5.573841603190626159e+00
8.568723211568265441e+00,7.359583424276383568e+00,-3.304868891816978849e+00
-6.997005035288773600e-01,-8.168730134610827420e+00,3.197524945317348433e+00
-2.565550458602506190e+00,-3.547142244107201581e+00,-7.797258495780019949e+00
1.702601441859759923e+00,6.509588824929227968e+00,-1.087184289256920344e+01
-5.921204700917185093e+00,8.918703940692031651e+00,6.414327703564778993e+00
1.873001047837703048e+00,-2.157319708173830008e+00,-1.185733623838184947e+01
6.585908034675425959e+00,4.274406765681539433e+00,2.638002253493669791e+00
-5.289887700838470153e+00,-7.086358983258526756e+00,6.392378834837013635e+00
-5.461256484626612284e+00,9.066400185922756094e+00,6.860510646512839594e-01
5.494899832279588558e+00,-4.383216583818840384e+00,-3.787418785653048903e-01
-4.775924616334119577e+00,9.555835343956159633e+00,9.017894274343371208e+00
-1.191759291032660872e+00,2.222508940236805675e+00,-3.816204962346521512e+00
-7.414386778120315435e-01,2.762199840639670612e+00,4.317420595466836986e+00
2.597324289646855799e+00,7.636396553939757137e-01,-5.582667345768246303e-01
-8.621513453607949629e+00,-7.067874682362294436e+00,2.996765601403633017e+00
1.166662183239516359e+01,-3.727777317243460065e+00,2.099372020749025403e+00
1.208727362863791654e+01,-3.146578039792010451e+00,-5.564741670171207133e-01
1.051325093536684818e+01,-4.525108609882170896e+00,-2.510916775043912974e+00
6.807285619285607048e+00,7.565297079221463328e+00,1.336999660191589667e+00
-7.047978274120328956e-01,-1.549282884971539209e+00,1.071375030792216876e+01
