-8.583067444341718755e+00,2.901310328895352786e+00,-3.091191302923232520e+00
7.841197135958475783e+00,5.952728656929799911e+00,2.160715808219740186e+00
1.181316451467669815e+01,-2.351725718487827077e+00,-6.893669013742753648e-01
-6.801332232520747922e+00,-2.394879328577583788e+00,4.999612777618071213e+00
-1.007701859810952882e+01,5.527168165036114189e+00,-3.235974254092620406e+00
1.025566775819829957e+01,4.362475770971463440e+00,-2.232581165596830008e-01
6.947932766248682945e+00,-7.173468982634267910e-01,-1.013342339207522791e+01
-3.757485589268076964e+00,-3.940839229547331790e+00,-4.877829572418462156e+00
1.047557743951234599e+01,4.199972633414406964e+00,-3.243020997894430768e-01
-1.514316589202307384e+00,1.123744980905049928e+01,-1.785169411521492444e+00
1.897460444774340838e+00,-2.866922171481393278e+00,1.188940237448224080e+00
-1.303871001481929914e-01,-9.200640954171934283e+00,-5.755324102078324344e+00
-6.672751904354508490e+00,3.960150707631783895e+00,2.824244686510670732e+00
3.459316882092253298e+00,3.383950746453197045e+00,-2.763926773191127229e+00
5.224686775167309172e+00,-9.975332141853831658e+00,3.913127741987610264e+00
1.504016487974957794e+00,1.120707852888517264e+00,-9.605002939007135865e+00
6.178615246954210605e+00,-1.432771895721183686e+00,-5.830775340092481107e-01
2.138707280261618049e+00,-7.420746059908065462e+00,4.513296316280172249e+00
2.365835974869792135e+00,-1.673149559893412963e+00,9.633871255159519364e+00
-7.555301756086094223e+00,-1.008992502119654855e+00,3.320916625006472778e+00
-1.716553115559839027e+00,-5.892243076448809624e+00,-4.813005018010883873e+00
7.509933497172608163e+00,-7.440270240521445366e+00,4.696036798404012558e+00
8.418308802193720908e+00,-2.376485374913643034e-01,-7.005070267604667222e+00
8.545350412682729768e+00,-5.570555444343789908e+00,-1.083728736696121686e+00
1.520403930034989415e+00,3.409180735763666537e+00,-4.074229435391905518e+00
7.431015854725555592e+00,1.920704556385931960e+00,3.118208962879036150e+00
-6.249055575517900252e+00,-9.690655774173563941e+00,-2.590556406267633616e+00
4.069791734388855886e+00,-1.328067750721033669e+00,-6.095037338322333298e-01
-8.930103520674887108e+00,-6.231633957495341214e+00,-5.958999154959169431e+00
5.073226072661560337e+00,-7.538149601128957933e+00,3.445484173236768033e+00
1.170266486985208854e+00,-1.020113462046609243e+01,5.276734300913948905e-01
3.300218486855032829e+00,8.131036606831510971e-01,7.662213601453910172e+00
-7.223849728181933827e+00,2.590058168682048745e+00,-4.670223250324530007e+00
-7.847453589215253267e+00,7.663388894652944927e+00,-1.614496172458182777e+00
7.718073274950566720e+00,1.737512053964282321e+00,6.716738839313941556e-01
-8.815662840799744160e+00,4.718938359722917752e+00,4.023366023861981056e+00
-1.155921731604993674e+00,4.587632321921553569e+00,-6.129204330085219254e+00
6.138569991330749431e+00,5.647530413857047904e+00,-4.783278832677731351e+00
-4.107970960954006934e+00,1.443283634507072977e+00,2.843220009223032196e+00
8.263394674412143814e+00,1.716578561960511173e+00,6.550116123266320756e-01
-4.949536387662233139e+00,-2.703905180362449201e-01,1.440238290967293366e+01
-1.481843608831085213e+01,2.709566230009168297e+00,2.055112327272009320e+00
-7.796336601108852626e+00,-8.464158982944034904e+00,-6.494800237036155721e+00
-1.014221440118684203e+00,4.272602472830018705e+00,-1.537787403452534507e+00
5.421574428625583586e+00,1.106947265163095118e+01,2.825655653693284197e+00
-3.798149594725033218e+00,-6.396500943322418031e+00,5.228246146041311881e+00
4.819273012965070158e-01,-2.188475807961889785e+00,-6.828053994133590265e+00
-1.350542300770012005e+01,-1.085565651626678035e-01,2.831107538360863041e-01
-9.957180497567414079e+00,-6.167486704226446292e+00,-3.843077557570071079e+00
-1.162847064241454831e+01,2.805994984084084543e+00,2.618807230405034936e+00
