1.142053459845508323e+00,-1.053620362659414056e+01,-4.522077201205910724e-01
-9.042593772089754012e+00,-2.474125516390121682e+00,-3.551719446541388159e+00
-6.404894727901051965e+00,-3.272259896461843454e+00,1.922068228452844085e+00
-1.172853195296331563e+01,-2.210903695308686245e+00,1.666418597994295592e+00
-9.433563933330011864e+00,-6.198692760404847846e+00,-2.876746444960972315e+00
1.027208736778768561e+01,-5.968353049287284051e+00,3.313802812207371939e+00
-3.416338636425860997e+00,-7.159415253807057233e+00,-1.700518640396743164e+00
4.450203340764683269e+00,-3.936132013461830059e+00,4.240173952526783197e+00
-4.916289345424782908e+00,2.184073058734456119e+00,-1.913586916563495999e+00
3.840203179632477593e+00,3.638819746707008029e+00,1.301164606127432011e+00
5.715222856148337582e-01,-8.598103116861461004e+00,6.783065930094744012e+00
-3.035559757881644005e-01,1.109996910827882743e+01,3.300714583242176037e+00
-1.548791819704350980e-01,3.310423886485557077e+00,-5.991662294185950977e-01
-2.911838391018036099e+00,-9.597842629143444881e+00,3.186382796013990104e-01
5.337001645107634751e+00,-3.553765743255120069e-01,-9.989079851235528551e+00
1.372376291328473208e+01,8.848574961134462180e-01,-1.931221097060561664e+00
2.861997579360605393e+00,-9.873988777871046452e+00,6.396327526766074634e+00
7.767821595317797367e+00,-8.081293000111474001e+00,5.178991012448051379e+00
6.043943576811450225e-01,-4.169060370687160261e-02,-1.152795652012182792e+01
7.866627837968298564e+00,3.838474197644480834e-01,-1.554196967971209986e+00
6.342756535160538611e+00,-9.194573189045412320e+00,5.879704417132009198e+00
-1.130255126929708354e+01,1.624673635973193697e+00,2.649143415043684779e+00
-3.540453929903166319e+00,-7.672111551633792104e+00,-8.998141950809152689e+00
3.102283556344023197e+00,6.743502872901180334e-02,3.736722459721420808e+00
3.110953329607636597e+00,3.733244661996746872e-01,-1.098300459757860059e+00
-9.745779318142101522e-01,4.915427292713709484e+00,1.102617989194308379e+01
-1.870140068760118401e+00,-5.943192517312983369e+00,-8.593811695193180000e+00
7.710778134594145072e+00,1.957275134459233179e+00,5.061880432418586206e-01
-1.341847169888340829e+01,2.205486277266587025e-01,5.434377140686909691e+00
-1.082967287278482083e+01,1.792064385923836989e+00,1.646447950892061307e+00
-5.779889383206986864e+00,7.594136705990660374e+00,-3.525627004300339706e+00
1.079822374171518717e+01,2.045064995079929115e+00,-2.172272845716563427e+00
5.660839374463006557e+00,-4.552188057954528411e+00,-1.236554595302452819e+00
-9.629618281620330178e-01,2.841049047451485343e+00,1.732822835819076479e+00
-1.005846201263267936e+01,6.028309925615195075e-01,6.473522774008476866e+00
4.394861261565941035e+00,-3.251286168135990307e-02,6.323862006389886936e+00
-1.919355808023977650e+00,1.504209368308208061e+00,-1.075897193543108310e+00
4.134304268163877971e+00,-6.833049907163613490e+00,4.712037298644816019e+00
-5.754630183777835306e+00,5.935837570594423296e-01,4.285296315826983005e+00
-1.658989067713800098e-03,-6.140156017461940507e+00,-3.681829366707483953e+00
-3.616690497075358834e+00,-9.251992618431131632e+00,2.538812428464531035e+00
-3.927914385760109983e+00,-3.512475959698866390e+00,-1.703091295735797095e+00
6.464994510812215323e-01,-4.019390221680002817e+00,6.424855716521308935e+00
7.944072862917692657e-01,-6.087672185472860598e+00,-8.695334488385907390e-01
-3.962401613674879197e+00,-1.075403610120439168e+01,-3.808766261192679803e+00
8.602934982261453811e+00,6.965918957597655670e+00,2.688635142026362335e+00
1.273560955368240766e+00,-1.653545920040067507e+00,-4.734021961004939882e+00
1.630686071673484561e+00,3.664231302925305744e+00,-3.793788554146947933e-01
1.206774768364280348e+01,-9.422588726389480307e-01,-8.963816094648054955e-01
1.963880207159192093e+00,-3.220746615789463752e-01,1.535162303040475962e+00
