X_reduced,Y_reduced
0.9652295792790802,-0.2756598245798062
0.9488797530042895,-0.3303931474192148
0.9217885095708217,-0.36765958323917086
0.9315361390023196,-0.4338338379939771
0.8689488631315608,-0.4327100187409423
0.8842136664032266,-0.39055727452912137
0.9409717401342509,-0.43203513757906475
0.8946079008170239,-0.5011989412573465
0.8592779036872399,-0.4500180387668687
0.9047695926534103,-0.4306358195156307
0.9387270157073048,-0.49271162553018655
0.8815840273325142,-0.5185692559375631
0.8586871915039647,-0.47356894490045087
0.9184438413208511,-0.4756517839317964
0.9280921097213863,-0.5421899642636766
0.8691643044805589,-0.5433861958236068
0.8903199365603002,-0.5026087787494607
0.9419933531057344,-0.551230898062501
0.9655766739192246,-0.5575193397677168
0.9216749880595019,-0.5050065583578563
0.9551625289413743,-0.4628521181036129
0.985550362214894,-0.44190040273395953
0.9271374332136001,-0.43281633146236564
0.8951700609458494,-0.39781942071318827
0.9451393983431473,-0.3606578588610425
0.9384129019749912,-0.3438904915936392
0.869992972496757,-0.330483467856774
0.8766548669719257,-0.2915138055139299
0.9180072938801654,-0.2568179654015428
0.8724391753929244,-0.2506943238089273
0.8222972817863184,-0.22990895483790796
0.8595805275727316,-0.18562200061738576
0.8745081176863825,-0.16164293897655366
0.8091342076840226,-0.15134948239726226
0.7825468031058262,-0.12839377833926055
0.829334350749666,-0.09052789073097216
0.8555853613116574,-0.07015740370542527
0.9007898896018306,-0.037190170716497474
0.9361536842915116,-0.09730189858936092
0.9514838816998136,-0.10700572857432318
0.9944291355140454,-0.06149955984383187
1.0414625924453946,-0.10920364648711593
1.0414329678101195,-0.1484994624141152
1.0509286584397748,-0.11422890091249897
1.0942593433184868,-0.16678646510203582
1.0454100429271116,-0.20604639145012324
0.9971321300776189,-0.21804528203915302
0.9461091830918604,-0.21223500717329452
0.8986994699923881,-0.2336873322904479
0.865314613759852,-0.2811564107021045
0.9044993925468248,-0.340875200041063
0.9629087430081918,-0.3153570983388952
1.0174342070052544,-0.3611049081987155
1.047449412104367,-0.3143818557244444
0.9957678713293214,-0.30236192659970174
0.9959795810386148,-0.36848471576410335
1.0632369600480955,-0.37917494077438196
1.0571596472392917,-0.32793899896916484
1.0035292975438574,-0.35076424496514186
1.0411348720220763,-0.4104693717578378
1.0899090945304868,-0.3814749775360042
1.0440568003263198,-0.34484185021206454
1.0151588627690507,-0.3983806095955366
1.0755214223030636,-0.43609600167121226
1.0915915473584303,-0.3878626128821708
1.031845507034211,-0.38824663209740434
1.0458858262066677,-0.45470868714293733
1.1062830039575013,-0.4477201802562474
1.0759114996263743,-0.40154945366796585
1.0309577998555475,-0.44178194269738663
1.0831248605483872,-0.49120176755597394
1.1147458356190851,-0.45098048775421046
1.0587778484227275,-0.417038430279143
1.091161004181173,-0.4127261978066397
1.1461063209278273,-0.39407926320549996
1.1212441089855951,-0.35559723159857504
1.1614418600720935,-0.30790282404022584
1.2177860162820704,-0.35057055941371296
1.1874693641634462,-0.38580372935648877
1.1649864072632266,-0.3298035914839437
1.2194549640732386,-0.2989778901869238
1.2420204807113393,-0.3023800503119898
1.1791807744795384,-0.2790329696948389
1.1737496796505604,-0.22963095421818153
1.2323820207519398,-0.21301960080680862
1.2120575023377325,-0.21530250473941312
1.1522307750069205,-0.1779913024601291
1.1774325301775215,-0.13445925166305753
1.2312115884655284,-0.12436918333636914
1.2221880578456887,-0.14160109697649234
1.156555911259405,-0.1422422482302031
1.1346535427247524,-0.09385619485039566
1.068927167559274,-0.10042260564029562
1.0315514336400213,-0.052836884747493804
1.0128695939122445,-0.08090587986159871
0.9461615692787283,-0.06051926681256381
0.9475171154039868,-0.10574843133735178
0.9615658771417688,-0.1581145008657405
0.8982393127588638,-0.1462903895544797
0.8730707427501445,-0.14604987538619862
0.9082384118530725,-0.20521630160341323
0.8941727331696353,-0.23047822431745738
0.8270399659269915,-0.21158896446320005
0.8326635978572818,-0.2388275792164624
0.8669611344034661,-0.295411489762848
0.8165280671393924,-0.2948177683822992
0.7695594865727873,-0.2861913339820997
0.8037892167668174,-0.3346549841516468
0.808303449016345,-0.37650995113145524
0.7410970585783561,-0.359712966606716
0.7257121351939053,-0.37195612780890996
0.7635266042493719,-0.4326443402755885
0.7511201241556612,-0.4519318801817915
0.6843080889922406,-0.45247424405294956
0.6932856563772143,-0.4925855727216307
0.7470444665414752,-0.471687777832948
0.7324066270152279,-0.40516663894770943
0.6952157762909221,-0.3966204448330104
0.689019193291035,-0.33798443824461466
0.7393814544888695,-0.362695208488728
0.781070082619758,-0.3869024593760699
0.7667386137795984,-0.3289531487328694
0.7838519896045059,-0.29667063173930114
0.8420847516347717,-0.3379919956955185
0.8588879443127266,-0.3351304455356162
0.8466489303070504,-0.26802792177999835
0.8870315898304217,-0.26746459813205314
0.9352382711093483,-0.31149739362261863
0.9367940612803355,-0.27647468900789385
0.9376916612623345,-0.2202370638934869
0.990897083207767,-0.2516815051091095
1.0232960765952346,-0.274390284705431
1.009157700897542,-0.21216053165374107
1.0343165682745692,-0.18670671241771863
1.092428586389243,-0.2302110618163912
1.0982271187330175,-0.2159892615961595
1.0935778613671843,-0.1503778921241987
1.1305811466655304,-0.1567195347025261
1.1883264453648787,-0.14152322121015934
1.1606663135141908,-0.08982122643870132
1.1834618990775962,-0.04540849097584588
0.6394010898945562,0.042083041394050384
0.6153151059228391,-0.014203972924400201
0.618685347207551,-0.03131262349136786
0.5649423852350209,-0.05393105148677187
0.5969938226650738,-0.11687580468041889
0.6059740287283447,-0.10329426523785669
0.5411426690838426,-0.07700385049030839
0.5200208028821458,-0.12997171585525102
0.5648489158796614,-0.1726110652733772
0.5425772855705373,-0.14229325587583794
0.47685910632074,-0.14216744942165585
0.48559104709332834,-0.2053290138625265
0.5179659915310427,-0.23035396854691487
0.47402427246310075,-0.19125405042674157
0.4214259462666912,-0.21870455225425653
0.4485640418031494,-0.2760605633654757
0.4603382277671357,-0.24898202120588347
0.41843490779599457,-0.2575007552543328
0.42323026783754136,-0.19761035393884943
0.4016724257929965,-0.2131094880236199
0.4473630898025827,-0.26904244458341026
0.4998109902004675,-0.2438953025322082
0.4867908612193739,-0.18849368632662
0.48814871260229314,-0.2261685756782301
0.5466092068121152,-0.26300773745335654
0.577403175414929,-0.2110931261214096
0.5597421504384338,-0.17693984580121014
0.5775852287213873,-0.23160815956011746
0.6378789636705045,-0.2447527472829687
0.6484376859239372,-0.1813719539706831
0.6408938275400319,-0.18858990278078092
0.6825536616798534,-0.24810195140158317
0.7319862800598586,-0.23258599643712832
0.7332737454570967,-0.17000449764832468
0.7098083596932497,-0.17507392437189076
0.7152457349931989,-0.11217252935381908
0.6599040526340367,-0.09668727205834603
0.6243357161967253,-0.12115307239605605
0.625511366150241,-0.06157822530619047
0.5674435269255823,-0.03762682204448285
0.5347751671826514,-0.08771478561572967
0.537810868094318,-0.08763948995706479
0.47220195764668627,-0.09494835664993885
0.4741576974212943,-0.1462409172693348
0.48781531611597806,-0.19636099788257586
0.5361404021864987,-0.24877641226978892
0.5887086474115744,-0.2400143822192303
0.6341994272394097,-0.2811331912561009
0.6573912552829597,-0.3262441691964046
0.6523552693522653,-0.3308190510361719
0.6024454215810214,-0.368473227305839
0.5681046929463397,-0.3256394321811035
0.5741118959861979,-0.27370773279549626
0.5566775793748364,-0.3045407201463031
0.5022037925834032,-0.32530881615676116
0.48072935822493523,-0.2678258925889552
0.4164268813083196,-0.24594361046276794
0.4242625273848331,-0.18140465078918014
0.4803730599512085,-0.19028501194435732
0.4468967952065621,-0.2200519646215125
0.3930294854861087,-0.17123098361730674
0.4305621879531215,-0.12185886195075847
0.4670084479121404,-0.1542516311699918
0.4087899150389922,-0.1555859761093407
0.3911059126202124,-0.08968285770431773
0.45158493533270977,-0.07399651827022867
0.4594898491165779,-0.11106920649420193
0.39399566853068957,-0.09105174808019309
0.40737251674742203,-0.027715701319982775
0.4646505200907329,-0.049544735978608055
0.4287128067651441,-0.08176756680449601
0.383654293957848,-0.026767996836819727
0.43558434796025414,0.006174858394068109
0.4540513825345198,-0.03722590292406444
0.3997444215648234,-0.00811954612541548
0.4256856015165769,0.04996632590090346
0.49227432457616604,0.03325114944215547
0.49585024690741003,0.09113210493746371
0.4707428915645533,0.1265472829945648
0.4962700419638101,0.0935269926855972
0.5066491429315537,0.15015360341315018
0.44041419878431287,0.17546458665863707
0.4193260197222687,0.11738716199925082
0.4539036093798463,0.10798213343940156
0.45010037843766587,0.17180164296477105
0.4029499983463594,0.16722568833597454
0.43637062129942916,0.11031371642812528
0.4955842193201879,0.1355236573458267
0.4701760840105825,0.18647607847431652
0.4452939692849949,0.1440356734678188
0.5051774952929382,0.10445382794396695
0.5366438764828746,0.15697271771252808
0.49336855730594603,0.19642212033906745
0.4625879148119536,0.15289078674629786
0.4998192809435205,0.09243781886984523
0.561785799989697,0.11169178067952139
0.5880093646726677,0.06184650531672996
0.6498949192195995,0.06439344269747974
0.6446777909180694,0.05866904157437229
0.700820983229542,0.011566611219263707
0.656419941081152,-0.02949179831255017
0.6241621485321235,-0.020843781003067757
0.6837000432108333,-0.04139573257420601
0.6972215224972566,-0.09515545037763762
0.6339316663227017,-0.11010323164099929
0.6439605006452757,-0.10460625800101056
0.7014991744092327,-0.14929583232897625
0.6720171261736173,-0.1924248203660389
0.6182686600849399,-0.18563010819645623
0.6614815854605078,-0.2005367515754587
0.6909192359430093,-0.2543603505808771
0.6297302465067637,-0.2729106992186751
0.6106296015361825,-0.26705932302953556
0.6701229535209433,-0.3028375105060201
0.6629276409572968,-0.34977935427488394
0.5975257343885861,-0.3521091407561444
0.601662509288251,-0.34959906069709556
0.6647651272740108,-0.3828020191158976
0.6888081108480287,-0.3847649012114043
0.635071517383933,-0.3418633525478997
0.6569675622894862,-0.2929831091754032
0.705691500462573,-0.28851110672860064
0.7526422184075577,-0.2469556113219309
0.7137649461036711,-0.2020658561262637
0.6574555123386248,-0.20620774783147242
0.6922369896928866,-0.19698145073227752
0.7143719001056454,-0.14351350614310113
0.6497094474474604,-0.11650333155968692
0.6318037178881297,-0.1279059330698449
0.6855233070083621,-0.10202527464225448
0.663120125542516,-0.04503373486416419
0.6005903130047376,-0.045708743306564076
0.6212001467994872,-0.05778822789766342
0.6619072026835395,-0.010349080336575611
0.6100211319267531,0.03233460545838912
0.565830698735683,0.020273007658459578
0.6104138384279546,0.026624070962114905
0.6238885853909163,0.0840393599295205
0.5566549725841298,0.10653355257397246
0.5451200368065846,0.09143743201926595
0.5974485869936533,0.12163019462974588
0.5792276327392671,0.17629980742665186
0.538808235263969,0.2135896855384744
0.5815009190451064,0.20229392817362185
0.5995715489830147,0.2572214584146507
1.1717915795318323,-0.10486247378251239
1.1918790911503623,-0.05226667980119343
1.2582143763384606,-0.054314190389460164
1.2974027768071055,-0.035278579932182835
1.299090515550773,0.02098079338339538
1.2308877101377964,0.031159212706555254
1.2279066853291687,0.024983052353901598
1.2723651296478844,0.0678898832848112
1.236274413439419,0.11183297001653032
1.1765715959692782,0.10693747252234591
1.201297978262533,0.11312176740724586
1.2259240107137015,0.16850297608695763
1.170538192465392,0.19760429019480685
1.1243699557087312,0.18137719629325166
1.163789984690974,0.1974315711549378
1.154309772070252,0.25940017520370395
1.0866702066057288,0.26160369516981846
1.0954169630730801,0.25611740760697793
1.045940520263271,0.2940149805555992
1.0082962712743826,0.31004788691950064
0.9933669145624093,0.24776962398970087
0.9291950506586502,0.2671971336577097
0.9197285472439833,0.319565549317955
0.9483661046009366,0.2850823563518953
0.9129792096431604,0.2348317427103571
0.854901943929245,0.27816964551596807
0.8719201734517081,0.30903603177712174
0.8871897241609074,0.2499819421441867
0.8252401383878221,0.2349681333863114
0.793351371463974,0.29452745084275267
0.8310448012027852,0.2860601823780485
0.810984236583668,0.2260726597890088
0.7445255608909578,0.24705689451331644
0.7432220680744015,0.2974132805408625
0.7814428343646573,0.2644364064582651
0.756675875398407,0.20659008871648893
0.6925031690422222,0.22049044969521547
0.6819139363401968,0.15690153065919443
0.7228419339997544,0.14847932480385298
0.6738322103978213,0.18807102907408715
0.6375864103077761,0.1365735312549434
0.675758842302245,0.1098631280227626
0.661095335835963,0.16591181180485096
0.5934394118561969,0.18521852800345953
0.5944176838737283,0.18933456236839044
0.6366478698140667,0.2346175703587867
0.6249741403396756,0.3005587533336522
0.6670731890226763,0.30229840045902506
0.6615400948799623,0.36913973315378584
0.7200215651862456,0.39385583983665373
0.749497150944372,0.3933645300615975
0.7089080847475193,0.3553077412881463
0.7304441372911287,0.32660855926711985
0.72155910392437,0.2665197737779029
0.7615780230776662,0.2704402002662812
0.8090100409252148,0.29358828105589907
0.8073931672280109,0.2449647100430813
0.8098224931291813,0.1971706988474845
0.8595452861404992,0.22378942964666543
0.8965235512660502,0.21663317857513725
0.8859615950551676,0.15321956428957764
0.9060873377539677,0.13770707737528662
0.960858377424476,0.1683613998766563
0.9785673594083686,0.14028257999611388
0.9735094352804229,0.0802177087312421
1.0163534314460525,0.0929264318526875
1.0586140171779075,0.11168164327073553
1.0573266811530764,0.05264629952630127
1.0699533893439446,0.021880143167818965
1.1226707292415232,0.05508313138513622
1.1479171464642914,0.039872281079169805
1.1441107850408179,-0.025239585043637807
1.1555582344859086,-0.026726942166190617
1.1917236154931996,-0.0889645258389897
1.1375527668069731,-0.11399795510772506
1.0796061171738949,-0.07648082813908139
1.0424516653948686,-0.12680994667826628
1.051613652726057,-0.1349385276269841
1.045690832998043,-0.06946101111480138
0.9871968932712375,-0.05434379333666494
0.9625223416927546,-0.10993606004752463
0.9080904801875312,-0.07919836217045972
0.8931509242925897,-0.03452681752227757
0.8996929277213336,-0.08182787872730754
0.8560589482767502,-0.11216070061104423
0.8118789779116652,-0.05547989888072795
0.8119872292593647,-0.042477951685774305
0.808323410494425,-0.1050898868563752
0.760119324487424,-0.11821114252804589
0.721765313692693,-0.06057101009530398
0.7300195199169535,-0.008261871960787408
0.7388733387607669,-0.04625504051275233
0.7542295963191163,0.0028043969525643115
0.7639275189086453,-0.018586458572927237
0.8310970428682225,-0.031162036724121104
0.8264406606016254,0.009940015831856441
0.8162389540550128,0.06269733775632592
0.8771442189382095,0.04865659018835578
0.9067220969117035,0.06552884842107415
0.8645697424455245,0.12387231004586782
0.8789936680498812,0.14063021444752494
0.9451971099562715,0.11788432737014515
0.9454655275430718,0.15868531813252693
0.9147341732907351,0.21011200949045394
0.9593283186901495,0.19670431924615925
1.0092684895295503,0.19589516594654766
0.9816448002296582,0.25596457487656116
0.9738634062329034,0.27994264395362933
1.0395265402162108,0.2600483801593619
1.0584861737075857,0.28420736765906895
1.0214497072967794,0.34356022135210845
1.0486172446324147,0.3455821292328861
1.1139125373876593,0.3158642817331358
1.1401123960804531,0.3486971781086446
1.2050059391446772,0.33034637697439845
1.1995384892805014,0.2664390264917483
1.160862478517575,0.24906689161616336
1.2099707424343398,0.2270483790643945
1.2003551078821832,0.18352763221262108
1.232784219578415,0.1334268457616335
1.1966796089139147,0.15257564096077336
1.1386197249683727,0.1614875850298199
1.153129020824018,0.09773111841971514
1.168894896500291,0.07500011197347024
1.1122535197711687,0.10956959626891823
1.0735375735440256,0.08796026272123887
1.102354502818552,0.024652378395476914
1.0940354757542843,0.03251641688521093
1.0274578856919683,0.05661298375264739
1.019042463389854,0.007430233942469797
1.0507099551867034,-0.03699235331312228
1.0122141881821503,-0.008582809972992636
0.9572839395582728,-0.011934773653399006
0.9786975722622796,-0.07687943446979871
0.9851644467341597,-0.08992517658409253
0.9232347308709851,-0.055230642424511846
0.8935436089679929,-0.0901719666933498
0.9323456829763846,-0.14942461047229558
0.8847293947279179,-0.1754917350903569
0.8298672216913155,-0.15379882036609874
0.8251330601584942,-0.21561416791886096
0.6672819042453025,0.3273961734280159
0.6962540697466656,0.3775560200632981
0.654960053954032,0.42980359791494627
0.6614525161880073,0.4910786473156363
0.6960832553121381,0.5016273468211603
0.7377395921113903,0.44370727775602836
0.7510041230906367,0.4602217897360834
0.7654136607920978,0.5190332304033279
0.8063015352972566,0.49019873070927805
0.8400597266401741,0.44601629589586533
0.8482278210442118,0.49462295674730594
0.8687010285156589,0.5335412881252618
0.9162714390415031,0.4863659498546145
0.9383663901166416,0.4652925019504218
0.9501257018805542,0.5275140152722375
1.0005336930941267,0.5181877489423092
1.0306397107287169,0.459196997293169
1.0892674741519832,0.4489114466836633
1.0703240105518057,0.40273359276627974
1.1334492685690474,0.3762939409123741
1.1563932149436709,0.3719667316288269
1.103583682582671,0.34622557986795577
1.1034546045957323,0.30483624116665853
1.1694408056421313,0.27987344690132787
1.159383057854714,0.27338078811885197
1.1035891551193284,0.24384428498372063
1.1303042748925733,0.20099313242149527
1.1883243464376547,0.18539700325497158
1.1531211259427887,0.17697178449475087
1.116575179622505,0.13750164798678358
1.1740341777142482,0.0987238833449879
1.1986041389241315,0.09855700902379895
1.1428170911521112,0.09033630610385153
1.1194784151413664,0.04754510644109948
1.1770866665166997,0.01841566585569218
1.147055726504777,-0.020853892744428795
1.1260995673616876,0.03508496193573715
1.191028207414038,0.03159861429082342
1.1771954081915061,-0.01607129288477106
1.1616156979497567,0.02957294268506586
1.218929768696379,0.056706090275847394
1.2722229028528245,0.008589608539500358
1.2962637786680211,0.04721545049143189
1.29665146685038,0.09730664690279132
1.3575770471159088,0.07768742721281864
1.3708081668696794,0.07628836160060594
1.3186073360796764,0.06806406783055345
1.358831846570936,0.03309296712257633
1.3414970585832242,0.07148037479837026
1.2927610138685044,0.12100485178260298
1.3352236948269869,0.16556623057917869
1.3523659384273148,0.13864039680525456
1.2870680207334348,0.1411522861019066
1.2691592960889055,0.2042089569434772
1.3238370157863746,0.2236702958551841
1.3174548997539297,0.1918413884464617
1.306490765200956,0.23599298407093874
1.2724595175673272,0.1956503397363374
1.230518705365819,0.18987725477826667
1.2207140940096282,0.2561006451067923
1.2098501855069208,0.26444834950091867
1.162850684029429,0.2233035675813941
1.1339894209067376,0.2543344726883304
1.1290181789566616,0.3129659277470239
1.098783836856797,0.2868072842270919
1.0536385697392918,0.25831383108610445
1.0363952298280694,0.30930416538826844
1.0328497636805247,0.35414969269969016
0.9846923311457609,0.32210644453795345
0.9546030555422995,0.319883394499225
0.9554818467315027,0.38558092244929
0.9271645887532808,0.4000468791544018
0.8796947733914107,0.3617476839881204
0.8593800005451083,0.40157963142245834
0.8292706232798801,0.44754529070327187
0.7898680904170805,0.40236633233598945
0.7658799982477748,0.3824898623372526
0.7053131645461789,0.38024503935584325
0.7320166373306983,0.33999441567633804
0.7857000725930279,0.2989725106818054
0.7702384280433945,0.24671990707102776
0.7678479417841227,0.28045383619132924
0.8232334776777043,0.3074091430424944
0.8615695035292993,0.2486344809430935
0.8357260964444535,0.20962643188626834
0.8878655229048386,0.20121125120632513
0.9328240894687172,0.19385856326444836
0.8973474794710941,0.1481747313309645
0.9022361087848869,0.11330377190605775
0.9693193765095341,0.11769177617571501
0.9825972832480784,0.09711938420255602
0.9498012201374484,0.0441977819542142
0.9661228560012803,0.025775064371101043
1.029587261745342,0.038602539203511435
1.0547690466453419,0.04805876118251418
1.026278873500147,0.001495711536043908
1.0191605895228808,0.03709746421285451
0.979650646894729,0.012059059749938187
0.9338406929135669,0.06532965871200531
0.9483634977966477,0.05075624178928103
1.004286957615496,0.08076162959125133
0.9620089544432259,0.1386709155460544
0.9337412955963592,0.13307172079179086
0.9944681003035641,0.11989729533782946
1.0149446497523538,0.1722416915282703
0.9564805934664298,0.21042860536279218
0.9698371931208706,0.18901042068271778
1.0335879894001865,0.20353838171927158
1.0102906843393804,0.2631100221809549
0.9680386500884071,0.27800134854529485
1.0199444779449787,0.2599148045516766
1.0588944751377005,0.2978640811540915
1.0099345197475529,0.3511278231090416
1.0026975308226027,0.3414100605818417
1.0703768658009813,0.3372548781303964
1.0738320451816408,0.3897770514373225
1.0192933079183237,0.43195074769158875
1.018317862307872,0.4114947779353935
0.963654961632616,0.4400279418380847
0.9371076169832212,0.4716248851700872
0.926446371224907,0.41136135722521133
0.8733955581280354,0.4118239617093749
0.8336849023810393,0.3635998323515544
0.7862458494400194,0.3956521659061062
0.834453233735326,0.4071072745096148
0.8607189835152173,0.34264366417904596
0.7979346848742233,0.3253082264221735
0.7925086701058731,0.36285153072373083
0.8542644163629477,0.3352145761556583
0.8397437471042227,0.27372955995924586
0.7863286166517434,0.28628901558370845
0.8271419730396957,0.3076766603010984
0.8765434173896395,0.2550982463099315
0.8307973302155687,0.2118718685999119
0.7993398098491096,0.24631045431824278
0.8574694160939133,0.24376825557870235
0.876441960021568,0.178740537421461
0.8152045390091051,0.16521123942614033
0.8169222149601714,0.20098566378475455
0.8794445849948267,0.1695862526110188
0.8583536388656171,0.11036703052913346
0.7998206751375742,0.12386866875138684
0.8208700152848903,0.10133322823329163
0.8554855624257491,0.04395815792450718
0.8363266108313625,-0.009941359916867565
